Région,Sous-Région,Appellation,Label,Cru,Type,Couleur,Age min,Age max,T°C min,T°max,Type de verre,Commentaires
Alsace,Alsace,ALSACE GEWURZTRAMINER,AOC,ALSACE GEWURZTRAMINER Grand Cru,sec,blanc,5,25,15,,Bordelais ; Alsacien,Les meilleurs jusqu'à 10 ans
Alsace,Alsace,ALSACE PINOT GRIS,AOC,ALSACE PINOT GRIS Grand Cru,sec,blanc,4,12,15,,Bordelais ; Alsacien,Les meilleurs jusqu'à 10 ans
Alsace,Alsace,ALSACE MUSCAT,AOC,ALSACE MUSCAT Grand Cru,sec,blanc,4,12,15,,Bordelais ; Alsacien,Les meilleurs jusqu'à 10 ans
Alsace,Alsace,ALSACE RIESLING,AOC,ALSACE RIESLING Grand Cru,sec,blanc,5,25,15,,Bordelais ; Alsacien,Les meilleurs jusqu'à 10 ans
Alsace,Alsace,ALSACE CHASSELAS OU GUTEDEL,AOC,ALSACE CHASSELAS OU GUTEDEL,sec,blanc,1,5,15,,Bordelais ; Alsacien,Les meilleurs jusqu'à 10 ans
Alsace,Alsace,ALSACE EDELZWICKER,AOC,ALSACE EDELZWICKER,sec,blanc,1,5,15,,Bordelais ; Alsacien,Les meilleurs jusqu'à 10 ans
Alsace,Alsace,ALSACE GEWURZTRAMINER,AOC,ALSACE GEWURZTRAMINER,sec,blanc,4,20,15,,Bordelais ; Alsacien,Les meilleurs jusqu'à 10 ans
Alsace,Alsace,ALSACE KLEVENER-DE-HEILIGENSTEIN,AOC,ALSACE KLEVENER-DE-HEILIGENSTEIN,sec,blanc,3,5,15,,Bordelais ; Alsacien,Les meilleurs jusqu'à 10 ans
Alsace,Alsace,ALSACE MUSCAT,AOC,ALSACE MUSCAT,sec,blanc,2,4,15,,Bordelais ; Alsacien,Les meilleurs jusqu'à 10 ans
Alsace,Alsace,ALSACE PINOT BLANC OU KLEVNER,AOC,ALSACE PINOT BLANC OU KLEVNER,sec,blanc,2,5,15,,Bordelais ; Alsacien,Les meilleurs jusqu'à 10 ans
Alsace,Alsace,ALSACE PINOT GRIS,AOC,ALSACE PINOT GRIS,sec,blanc,2,6,15,,Bordelais ; Alsacien,Les meilleurs jusqu'à 10 ans
Alsace,Alsace,ALSACE PINOT NOIR,AOC,ALSACE PINOT NOIR,sec,rouge,2,6,15,,Bordelais ; Alsacien,Les meilleurs jusqu'à 10 ans
Alsace,Alsace,ALSACE RIESLING,AOC,ALSACE RIESLING,sec,blanc,4,20,15,,Bordelais ; Alsacien,Les meilleurs jusqu'à 10 ans
Alsace,Alsace,ALSACE SYLVANER,AOC,ALSACE SYLVANER,sec,blanc,2,5,15,,Bordelais ; Alsacien,Les meilleurs jusqu'à 10 ans
Alsace,Alsace,Alsace,AOC,Alsace,Doux,blanc,5,30,8,12,Bordelais ; INAO,
Alsace,Alsace,Alsace,AOC,Alsace Grand Cru ,doux,blanc,10,50,11,13,Bordelais ; INAO,Les Grands Crus peuvent être servis à 14°C
Alsace,Alsace,Alsace,AOC,CRÉMANT-D'ALSACE,Effervescent,blanc,1,4,5,7,Champagne,
Alsace,Alsace,Alsace,AOC,CRÉMANT-D'ALSACE,Effervescent,pink,1,4,6,8,Vin Blanc; Champagne,
Beaujolais,Beaujolais,Beaujolais,AOC,Beaujolais,sec,Blanc,2,5,10,12,Bordelais ; INAO,
Beaujolais,Beaujolais,Beaujolais,AOC,Beaujolais,sec,pink,2,4,8,11,Bourgogne,
Beaujolais,Beaujolais,Beaujolais,AOC,Beaujolais,sec,rouge,3,8,14,16,Bourgogne,
Beaujolais,Beaujolais,Beaujolais,AOC,Beaujolais-villages,sec,Blanc,2,5,10,12,Bordelais ; INAO,
Beaujolais,Beaujolais,Beaujolais,AOC,Beaujolais-villages,sec,pink,2,4,8,11,Bourgogne,
Beaujolais,Beaujolais,Beaujolais,AOC,Beaujolais-villages,sec,rouge,3,8,14,16,Bourgogne,
Beaujolais,Beaujolais,Beaujolais,AOC,Beaujolais supérieur,sec,rouge,3,8,14,16,Bourgogne,
Beaujolais,Beaujolais,Beaujolais,IGP,Comtés Rhodaniens,sec,rouge,2,5,16,,,
Beaujolais,Beaujolais,Beaujolais,IGP,Comtés Rhodaniens,sec,pink,1,3,8,,,
Beaujolais,Beaujolais,Beaujolais,IGP,Comtés Rhodaniens,sec,blanc,2,4,8,,,
Beaujolais,Beaujolais,Beaujolais,IGP,Saône-et-Loire,sec,rouge,3,5,14,15,,
Beaujolais,Beaujolais,Beaujolais,IGP,Saône-et-Loire,sec,pink,1,3,8,11,,
Beaujolais,Beaujolais,Beaujolais,IGP,Saône-et-Loire,sec,blanc,2,5,10,13,,
Beaujolais,Cru du Beaujolais,Brouilly,AOC,Brouilly,sec,rouge,2,6,12,13,Bourgogne,
Beaujolais,Cru du Beaujolais,Chénas,AOC,Chénas,sec,rouge,4,10,16,16,,
Beaujolais,Cru du Beaujolais,Chiroubles,AOC,Chiroubles,sec,rouge,1,4,12,13,,
Beaujolais,Cru du Beaujolais,CÔTE-DE-BROUILLY,AOC,CÔTE-DE-BROUILLY,sec,rouge,4,8,15,15,,
Beaujolais,Cru du Beaujolais,Fleurie,AOC,Fleurie,sec,rouge,1,4,14,14,,
Beaujolais,Cru du Beaujolais,Juliénas,AOC,Juliénas,sec,rouge,4,10,14,15,,
Beaujolais,Cru du Beaujolais,Morgon,AOC,Morgon,sec,rouge,4,12,16,16,,
Beaujolais,Cru du Beaujolais,Moulin-à-Vent,AOC,Moulin-à-Vent,sec,rouge,5,12,16,16,,
Beaujolais,Cru du Beaujolais,Régnié,AOC,Régnié,sec,rouge,3,8,14,16,,
Beaujolais,Cru du Beaujolais,Saint-Amour,AOC,Saint-Amour,sec,rouge,2,6,15,15,,
Beaujolais / Bourgogne,Beaujolais / Bourgogne,Vins de pays/IGP Saône-et-Loire,IGP,Vins de pays/IGP Saône-et-Loire,sec,rouge,3,5,14,15,,
Beaujolais / Bourgogne,Beaujolais / Bourgogne,Vins de pays/IGP Saône-et-Loire,IGP,Vins de pays/IGP Saône-et-Loire,sec,blanc,1,3,8,11,,
Beaujolais / Bourgogne,Beaujolais / Bourgogne,Vins de pays/IGP Saône-et-Loire,IGP,Vins de pays/IGP Saône-et-Loire,sec,pink,2,4,10,13,,
Bordeaux,Blayais-Bourgeais,Blaye,AOC,Blaye,sec,rouge,5,10,15,15,Bordelais,
Bordeaux,Blayais-Bourgeais,Blaye,AOC,CÔTES-DE-BLAYE,sec,blanc,3,5,8,11,,
Bordeaux,Blayais-Bourgeais,Blaye,AOC,Blaye-Côtes-de-Bordeaux,sec,rouge,5,10,15,15,,
Bordeaux,Blayais-Bourgeais,Blaye,AOC,CÔTES-DE-BORDEAUX,sec,blanc,3,5,8,11,,
Bordeaux,Blayais-Bourgeais,Bourg,AOC,CÔTES-DE-BOURG,sec,rouge,5,20,15,16,,
Bordeaux,Blayais-Bourgeais,Bourg,AOC,CÔTES-DE-BOURG,sec,blanc,3,10,10,12,,
Bordeaux,Blayais-Bourgeais,Bourg,AOC,Bourgeais,sec,rouge,3,10,15,,,
Bordeaux,Bordeaux,Bordeaux,AOC,Bordeaux rosé,sec,pink,1,3,8,11,Bordelais,
Bordeaux,Bordeaux,Bordeaux,AOC,Bordeaux Blanc,sec,blanc,3,5,8,11,Bordelais ; INAO,
Bordeaux,Bordeaux,Bordeaux,AOC,Bordeaux,sec,rouge,3,5,14,16,Bordelais,
Bordeaux,Bordeaux,Bordeaux,AOC,Bordeaux clairet,sec,clairet,1,3,8,11,Bordelais,
Bordeaux,Bordeaux,Bordeaux,AOC,Bordeaux,moelleux,blanc,5,15,10,13,Bordelais ; INAO,
Bordeaux,Bordeaux,CRÉMANT-DE-BORDEAUX,AOC,CRÉMANT-DE-BORDEAUX,effervescent,blanc,1,3,6,8,Bordelais ; INAO,
Bordeaux,Bordeaux,Bordeaux,AOC,Bordeaux Haut-Benauge,sec,blanc,5,15,8,11,Bordelais,
Bordeaux,Bordeaux,Bordeaux,AOC,Bordeaux Haut-Benauge,moelleux,blanc,5,20,10,12,Bordelais ; INAO,
Bordeaux,Bordeaux,Bordeaux,AOC,Bordeaux supérieur,sec,blanc,3,7,10,13,Bordelais ; INAO,
Bordeaux,Bordeaux,Bordeaux,AOC,Bordeaux supérieur,sec,rouge,5,15,15,15,Bordelais,
Bordeaux,Bordeaux,CÔTES-DE-BORDEAUX,AOC,CÔTES-DE-BORDEAUX,sec,rouge,5,15,15,15,Bordelais,
Bordeaux,Entre-deux-Mers,Cadillac,AOC,Cadillac,doux,blanc,5,30,10,13,Bordelais ; INAO,
Bordeaux,Entre-deux-Mers,Cadillac,AOC,CADILLAC-CÔTES-DE-BORDEAUX,sec,rouge,5,10,15,15,Bordelais,
Bordeaux,Entre-deux-Mers,CÔTES-DE-BORDEAUX-SAINT-MACAIRE,AOC,CÔTES-DE-BORDEAUX-SAINT-MACAIRE,sec,blanc,3,5,8,11,,
Bordeaux,Entre-deux-Mers,CÔTES-DE-BORDEAUX-SAINT-MACAIRE,AOC,CÔTES-DE-BORDEAUX-SAINT-MACAIRE,moelleux,blanc,5,15,10,13,,
Bordeaux,Entre-deux-Mers,CÔTES-DE-BORDEAUX-SAINT-MACAIRE,AOC,CÔTES-DE-BORDEAUX-SAINT-MACAIRE,doux,blanc,5,30,9,12,,
Bordeaux,Entre-deux-Mers,Entre-deux-Mers,AOC,Entre-deux-Mers,sec,blanc,2,5,8,11,,
Bordeaux,Entre-deux-Mers,Entre-deux-Mers,AOC,Entre-deux-Mers Haut-Benauge,sec,blanc,3,7,8,11,,
Bordeaux,Entre-deux-Mers,GRAVES-DE-VAYRES,AOC,GRAVES-DE-VAYRES,sec,rouge,1,5,14,16,,
Bordeaux,Entre-deux-Mers,GRAVES-DE-VAYRES,AOC,GRAVES-DE-VAYRES,sec,blanc,1,3,8,10,,
Bordeaux,Entre-deux-Mers,GRAVES-DE-VAYRES,AOC,GRAVES-DE-VAYRES,doux,blanc,3,10,10,12,,
Bordeaux,Entre-deux-Mers,Loupiac,AOC,Loupiac,doux,blanc,5,20,9,11,,
Bordeaux,Entre-deux-Mers,PREMIÈRES-CÔTES-DE-BORDEAUX,AOC,PREMIÈRES-CÔTES-DE-BORDEAUX,moelleux,blanc,3,15,8,11,,
Bordeaux,Entre-deux-Mers,Sainte-Croix-du-Mont,AOC,Sainte-Croix-du-Mont,doux,blanc,5,30,9,11,,
Bordeaux,Entre-deux-Mers,Sainte-Foy-Bordeaux,AOC,Sainte-Foy-Bordeaux,sec,rouge,5,10,16,18,,
Bordeaux,Entre-deux-Mers,Sainte-Foy-Bordeaux,AOC,Sainte-Foy-Bordeaux,sec,blanc,1,5,10,12,,
Bordeaux,Entre-deux-Mers,Sainte-Foy-Bordeaux,AOC,Sainte-Foy-Bordeaux,moelleux,blanc,3,10,9,11,,
Bordeaux,Entre-deux-Mers,Sainte-Foy-Bordeaux,AOC,Sainte-Foy-Bordeaux,doux,blanc,5,15,8,10,,
Bordeaux,Grave,Cérons,AOC,Céron,doux,blanc,5,20,8,10,,
Bordeaux,Graves,Graves,AOC,Graves,sec,rouge,3,10,16,,,
Bordeaux,Graves,Graves,AOC,Graves,sec,blanc,3,8,10,12,,
Bordeaux,Graves,Graves supérieures,AOC,Graves supérieurs,doux,blanc,2,10,9,12,,
Bordeaux,Graves,Pessac-Léognan,AOC,Pessac-Léognan,sec,rouge,10,35,16,16,,
Bordeaux,Graves,Pessac-Léognan,AOC,Pessac-Léognan,sec,blanc,5,20,10,12,,
Bordeaux,Libournais,Canon-Fronsac,AOC,Canon-Fronsac,sec,rouge,3,15,15,,,
Bordeaux,Libournais,Castillon,AOC,CASTILLON-CÔTES-DE-BORDEAUX,sec,rouge,3,5,15,,Bordelais,
Bordeaux,Libournais,Castillon,AOC,FRANCS-CÔTES-DE-BORDEAUX,sec,rouge,3,12,15,,Bordelais,
Bordeaux,Libournais,Castillon,AOC,FRANCS-CÔTES-DE-BORDEAUX,sec,blanc,3,8,10,12,Bordelais,
Bordeaux,Libournais,Castillon,AOC,FRANCS-CÔTES-DE-BORDEAUX,Doux,blanc,3,50,10,13,Bordelais ; INAO,
Bordeaux,Libournais,Fronsac,AOC,Fronsac,sec,rouge,7,20,16,,,
Bordeaux,Libournais,Lalande-de-Pomerol,AOC,Lalande-de-Pomerol,sec,rouge,8,20,16,18,,
Bordeaux,Libournais,LUSSAC-SAINT-ÉMILION,AOC,LUSSAC-SAINT-ÉMILION,sec,rouge,5,10,16,18,,
Bordeaux,Libournais,MONTAGNE-SAINT-ÉMILION,AOC,MONTAGNE-SAINT-ÉMILION,sec,rouge,5,15,16,18,,
Bordeaux,Libournais,Pomerol,AOC,Pomerol,sec,rouge,10,25,16,18,,
Bordeaux,Libournais,PUISSEGUIN-SAINT-ÉMILION,AOC,PUISSEGUIN-SAINT-ÉMILION,sec,rouge,3,8,16,18,,
Bordeaux,Libournais,SAINT-ÉMILION,AOC,SAINT-ÉMILION,sec,rouge,3,8,16,18,,
Bordeaux,Libournais,SAINT-ÉMILION GRAND CRU,AOC,SAINT-ÉMILION GRAND CRU,sec,rouge,10,35,15,16,,
Bordeaux,Libournais,Saint-Emilion,AOC,Saint-Emilion Premier Cru,sec,rouge,10,25,16,16,,
Bordeaux,Libournais,SAINT-GEORGES-SAINT-ÉMILION,AOC,SAINT-GEORGES-SAINT-ÉMILION,sec,rouge,5,10,16,18,,
Bordeaux,Médoc,Haut-Médoc,AOC,Haut-Médoc,sec,rouge,5,10,15,16,,
Bordeaux,Médoc,Listrac-Médoc,AOC,Listrac-Médoc,sec,rouge,3,10,16,18,,
Bordeaux,Médoc,Margaux,AOC,Margaux,sec,rouge,10,35,16,16,,
Bordeaux,Médoc,Médoc,AOC,Médoc,sec,rouge,3,8,16,18,,
Bordeaux,Médoc,Moulis-en-Médoc,AOC,Moulis-en-Médoc,sec,rouge,3,15,16,18,,
Bordeaux,Médoc,Pauillac,AOC,Pauillac,sec,rouge,10,35,16,16,,
Bordeaux,Médoc,Saint-Estèphe,AOC,Saint-Estèphe,sec,rouge,10,35,16,18,,
Bordeaux,Médoc,Saint-Julien ,AOC,Saint-Julien ,sec,rouge,10,35,16,17,,
Bordeaux,Sauternais,Barsac,AOC,Barsac,doux,blanc,10,50,10,13,Bordelais ; INAO,
Bordeaux,Sauternais,SAUTERNES,AOC,SAUTERNES,doux,blanc,10,50,10,13,,
Bourgogne,Bourgogne,Bourgogne,AOC,Bourgogne,sec,rouge,2,6,14,16,,
Bourgogne,Bourgogne,Bourgogne,AOC,Bourgogne,sec,blanc,2,8,12,14,,
Bourgogne,Bourgogne,Bourgogne,AOC,Bourgogne,sec,pink,1,3,10,12,,
Bourgogne,Bourgogne,Bourgogne aligoté,AOC,Bourgogne-aligoté Primeur,sec,blanc,1,2,10,10,,
Bourgogne,Bourgogne,Bourgogne aligoté,AOC,Bourgogne-aligoté,sec,blanc,2,5,10,12,,
Bourgogne,Bourgogne,Bourgogne mousseux,AOC,Bourgogne mousseux,Effervescent,blanc,1,2,6,8,,
Bourgogne,Bourgogne,Bourgogne Passe-tout-grains,AOC,Bourgogne-Passetoutgrain,sec,rouge,1,5,12,14,,
Bourgogne,Bourgogne,Coteaux Bourguignons,AOC,Coteaux Bourguignons,sec,rouge,2,5,14,14,,
Bourgogne,Bourgogne,Coteaux Bourguignons,AOC,Coteaux Bourguignons,sec,blanc,1,5,10,12,,
Bourgogne,Bourgogne,Coteaux Bourguignons,AOC,Coteaux Bourguignons,sec,pink,1,3,12,,,
Bourgogne,Bourgogne,Crémant de Bourgogne,AOC,CRÉMANT-DE-BOURGOGNE,effervescent,blanc,1,5,6,8,,
Bourgogne,Bourgogne,Crémant de Bourgogne,AOC,CRÉMANT-DE-BOURGOGNE,effervescent,pink,1,3,8,10,,
Bourgogne,Bourgogne,Vins de pays/IGP Coteaux de l'Auxois,IGP,Vins de pays/IGP Coteaux de l'Auxois,sec,rouge,2,5,13,15,,
Bourgogne,Bourgogne,Vins de pays/IGP Coteaux de l'Auxois,IGP,Vins de pays/IGP Coteaux de l'Auxois,sec,blanc,2,6,12,14,,
Bourgogne,Bourgogne,Vins de pays/IGP Coteaux de l'Auxois,IGP,Vins de pays/IGP Coteaux de l'Auxois,sec,pink,1,2,8,10,,
Bourgogne,Bourgogne,Vins de pays/IGP Coteaux de Tannay,IGP,Vins de pays/IGP Coteaux de Tannay,sec,rouge,2,4,13,15,,
Bourgogne,Bourgogne,Vins de pays/IGP Coteaux de Tannay,IGP,Vins de pays/IGP Coteaux de Tannay,sec,blanc,1,4,12,14,,
Bourgogne,Bourgogne,Vins de pays/IGP Coteaux de Tannay,IGP,Vins de pays/IGP Coteaux de Tannay,sec,pink,1,2,7,9,,
Bourgogne,Bourgogne,Vins de pays/IGP Sainte-Marie-la-Blanche,IGP,Vins de pays/IGP Sainte-Marie-la-Blanche,sec,rouge,2,5,14,15,,
Bourgogne,Bourgogne,Vins de pays/IGP Sainte-Marie-la-Blanche,IGP,Vins de pays/IGP Sainte-Marie-la-Blanche,sec,blanc,1,4,9,11,,
Bourgogne,Bourgogne,Vins de pays/IGP Sainte-Marie-la-Blanche,IGP,Vins de pays/IGP Sainte-Marie-la-Blanche,sec,pink,1,3,8,10,,
Bourgogne,Bourgogne,Vins de pays/IGP Yonne,IGP,Vins de pays/IGP Yonne,sec,rouge,1,4,13,15,,
Bourgogne,Bourgogne,Vins de pays/IGP Yonne,IGP,Vins de pays/IGP Yonne,sec,blanc,1,3,8,10,,
Bourgogne,Bourgogne,Vins de pays/IGP Yonne,IGP,Vins de pays/IGP Yonne,sec,pink,1,2,9,11,,
Bourgogne,Chablis,Chablis,AOC,Chablis,sec,blanc,4,10,10,12,,
Bourgogne,Chablis,Chablis,AOC,Chablis Premier Cru,sec,blanc,5,15,12,12,,
Bourgogne,Chablis,Chablis Grand Cru,AOC,Chablis Grand Cru,sec,blanc,5,15,12,14,,
Bourgogne,Chablis,Irancy,AOC,Irancy,sec,rouge,2,10,15,,,
Bourgogne,Chablis,PETIT-CHABLIS,AOC,PETIT-CHABLIS,sec,blanc,1,2,10,,,
Bourgogne,Chablis,Saint-Bris,AOC,Saint-Bris,sec,blanc,1,6,8,,,
Bourgogne,Côte Chalonnaise,BOURGOGNE-CÔTE-CHALONNAISE,AOC,BOURGOGNE-CÔTE-CHALONNAISE,sec,rouge,2,10,16,,,
Bourgogne,Côte Chalonnaise,BOURGOGNE-CÔTE-CHALONNAISE,AOC,BOURGOGNE-CÔTE-CHALONNAISE,sec,blanc,1,5,13,,,
Bourgogne,Côte Chalonnaise,Bouzeron,AOC,Bouzeron,sec,blanc,1,5,11,13,,
Bourgogne,Côte Chalonnaise,Givry,AOC,Givry,sec,rouge,2,10,16,,,
Bourgogne,Côte Chalonnaise,Givry,AOC,Givry Premier Cru,sec,rouge,3,15,16,,,
Bourgogne,Côte Chalonnaise,Givry,AOC,Givry,sec,blanc,1,5,13,,,
Bourgogne,Côte Chalonnaise,Givry,AOC,Givry Premier Cru,sec,blanc,2,8,13,,,
Bourgogne,Côte Chalonnaise,Mercurey,AOC,Mercurey,sec,rouge,3,7,16,,,
Bourgogne,Côte Chalonnaise,Mercurey,AOC,Mercurey Premier Cru,sec,rouge,3,15,16,,,
Bourgogne,Côte Chalonnaise,Mercurey,AOC,Mercurey,sec,blanc,2,6,12,,,
Bourgogne,Côte Chalonnaise,Mercurey,AOC,Mercurey Premier Cru,sec,blanc,2,10,12,,,
Bourgogne,Côte Chalonnaise,Montagny,AOC,Montagny,sec,blanc,1,4,11,13,,
Bourgogne,Côte Chalonnaise,Montagny,AOC,Montagny premier Cru,sec,blanc,1,6,11,13,,
Bourgogne,Côte Chalonnaise,Rully,AOC,Rully,sec,rouge,2,7,16,,,
Bourgogne,Côte Chalonnaise,Rully,AOC,Rully Premier Cru,sec,rouge,3,8,16,,,
Bourgogne,Côte Chalonnaise,Rully,AOC,Rully,sec,blanc,2,6,13,,,
Bourgogne,Côte Chalonnaise,Rully,AOC,Rully Premier Cru,sec,blanc,3,8,13,,,
Bourgogne,Côte de Beaune,Aloxe-Corton,AOC,Aloxe-Corton Villages,sec,rouge,5,10,16,,,
Bourgogne,Côte de Beaune,Aloxe-Corton,AOC,Aloxe-Corton Premier Cru,sec,rouge,8,20,16,,,
Bourgogne,Côte de Beaune,Aloxe-Corton,AOC,Aloxe-Corton Villages,sec,blanc,3,7,12,,,
Bourgogne,Côte de Beaune,Aloxe-Corton,AOC,Aloxe-Corton Premier Cru,sec,blanc,5,15,12,14,,
Bourgogne,Côte de Beaune,Auxey-Duresses,AOC,Auxey-Duresses Villages,sec,rouge,5,10,16,,,
Bourgogne,Côte de Beaune,Auxey-Duresses,AOC,Auxey-Duresses Premier Cru,sec,rouge,8,20,15,16,,
Bourgogne,Côte de Beaune,Auxey-Duresses,AOC,Auxey-Duresses Villages,sec,blanc,3,7,11,13,,
Bourgogne,Côte de Beaune,Auxey-Duresses,AOC,Auxey-Duresses Premier Cru,sec,blanc,5,10,11,13,,
Bourgogne,Côte de Beaune,Bâtard-Montrachet,AOC,Bâtard-Montrachet Grand Crus,sec,blanc,10,30,12,14,,
Bourgogne,Côte de Beaune,Beaune,AOC,Beaune,sec,rouge,5,15,15,16,,
Bourgogne,Côte de Beaune,Beaune,AOC,BEAUNE Premier Cru,sec,rouge,7,15,15,16,,
Bourgogne,Côte de Beaune,Beaune,AOC,Beaune,sec,blanc,2,8,11,13,,
Bourgogne,Côte de Beaune,Beaune,AOC,BEAUNE Premier Cru,sec,blanc,5,15,12,14,,
Bourgogne,Côte de Beaune,Bienvenues-Bâtard-Montrachet,AOC,Bienvenues-Bâtard-Montrachet Grand Cru,sec,blanc,10,30,12,14,,
Bourgogne,Côte de Beaune,Blagny,AOC,Blagny,sec,rouge,3,6,16,16,,
Bourgogne,Côte de Beaune,Blagny,AOC,Blagny Premier Cru,sec,Rouge,5,8,16,16,,
Bourgogne,Côte de Beaune,Charlemagne,AOC,Charlemagne Grand Cru,sec,blanc,10,25,12,14,,
Bourgogne,Côte de Beaune,Chassagne-Montrachet,AOC,Chassagne-Montrachet,sec,rouge,4,10,16,,,
Bourgogne,Côte de Beaune,Chassagne-Montrachet,AOC,Chassagne-Montrachet Premier Cru,sec,rouge,6,15,16,,,
Bourgogne,Côte de Beaune,Chassagne-Montrachet,AOC,Chassagne-Montrachet,sec,blanc,3,10,12,14,,
Bourgogne,Côte de Beaune,Chassagne-Montrachet,AOC,Chassagne-Montrachet Premier Cru,sec,blanc,5,15,12,14,,
Bourgogne,Côte de Beaune,Chevalier-Montrachet,AOC,Chevalier-Montrachet Grand Cru,sec,blanc,8,20,12,14,,
Bourgogne,Côte de Beaune,Chorey-lès-Beaune,AOC,Chorey-lès-Beaune,sec,rouge,5,10,16,,,
Bourgogne,Côte de Beaune,Chorey-lès-Beaune,AOC,Chorey-lès-Beaune,sec,blanc,3,8,12,13,,
Bourgogne,Côte de Beaune,Corton,AOC,Corton Grand Cru,sec,rouge,5,30,16,,,
Bourgogne,Côte de Beaune,Corton,AOC,Corton Grand Cru,sec,blanc,5,15,12,14,,
Bourgogne,Côte de Beaune,Corton-Charlemagne ,AOC,Corton-Charlemagne Grand Cru,sec,blanc,5,20,12,14,,
Bourgogne,Côte de Beaune,BOURGOGNE-HAUTES-CÔTES-DE-BEAUNE,AOC,BOURGOGNE-HAUTES-CÔTES-DE-BEAUNE,sec,rouge,2,6,16,,,
Bourgogne,Côte de Beaune,BOURGOGNE-HAUTES-CÔTES-DE-BEAUNE,AOC,BOURGOGNE-HAUTES-CÔTES-DE-BEAUNE,sec,blanc,1,5,12,14,,
Bourgogne,Côte de Beaune,CÔTE-DE-BEAUNE,AOC,CÔTE-DE-BEAUNE,sec,rouge,2,6,16,,,
Bourgogne,Côte de Beaune,CÔTE-DE-BEAUNE,AOC,CÔTE-DE-BEAUNE,sec,blanc,1,5,12,14,,
Bourgogne,Côte de Beaune,CÔTE-DE-BEAUNE-VILLAGES,AOC,CÔTE-DE-BEAUNE-VILLAGES,sec,rouge,3,8,16,,,
Bourgogne,Côte de Beaune,Criots-Bâtard-Montrachet,AOC,Criots-Bâtard-Montrachet Grand Cru,sec,blanc,6,25,12,14,,
Bourgogne,Côte de Beaune,Ladoix,AOC,Ladoix,sec,rouge,2,7,16,,,
Bourgogne,Côte de Beaune,Ladoix,AOC,Ladoix Premier Cru,sec,rouge,4,10,16,,,
Bourgogne,Côte de Beaune,Ladoix,AOC,Ladoix,sec,blanc,2,6,13,,,
Bourgogne,Côte de Beaune,Ladoix,AOC,Ladoix Premier Cru,sec,blanc,3,8,13,,,
Bourgogne,Côte de Beaune,Maranges,AOC,Maranges,sec,rouge,2,5,16,,,
Bourgogne,Côte de Beaune,Maranges,AOC,Maranges Premier Cru,sec,rouge,2,7,16,,,
Bourgogne,Côte de Beaune,Maranges,AOC,Maranges,sec,blanc,2,5,13,,,
Bourgogne,Côte de Beaune,Maranges,AOC,Maranges Premier Cru,sec,blanc,2,5,13,,,
Bourgogne,Côte de Beaune,Meursault,AOC,Meursault Premier Cru,sec,rouge,5,20,16,,,
Bourgogne,Côte de Beaune,Meursault,AOC,Meursault,sec,blanc,4,10,12,14,,
Bourgogne,Côte de Beaune,Meursault,AOC,Meursault Premier Cru,sec,blanc,5,15,12,14,,
Bourgogne,Côte de Beaune,Monthélie,AOC,Monthélie,sec,rouge,3,8,16,,,
Bourgogne,Côte de Beaune,Monthélie,AOC,Monthélie Premier Cru,sec,rouge,3,12,16,,,
Bourgogne,Côte de Beaune,Monthélie,AOC,Monthélie,sec,blanc,2,5,13,,,
Bourgogne,Côte de Beaune,Monthélie,AOC,Monthélie Premier Cru,sec,blanc,2,7,13,,,
Bourgogne,Côte de Beaune,Montrachet,AOC,Montrachet Grand Cru,sec,blanc,7,30,12,14,,
Bourgogne,Côte de Beaune,Musigny,AOC,Musigny Grand Cru,sec,rouge,7,35,15,16,,
Bourgogne,Côte de Beaune,Musigny,AOC,Musigny Grand Cru,sec,blanc,7,20,12,14,,
Bourgogne,Côte de Beaune,Pernand-Vergelesses,AOC,Pernand-Vergelesses,sec,rouge,2,7,16,,,
Bourgogne,Côte de Beaune,Pernand-Vergelesses,AOC,Pernand-Vergelesses Premier Cru,sec,rouge,3,12,16,,,
Bourgogne,Côte de Beaune,Pernand-Vergelesses,AOC,Pernand-Vergelesses,sec,blanc,1,4,13,,,
Bourgogne,Côte de Beaune,Pernand-Vergelesses,AOC,Pernand-Vergelesses Premier Cru,sec,blanc,2,10,13,,,
Bourgogne,Côte de Beaune,Pommard,AOC,Pommard,sec,rouge,5,15,16,,,
Bourgogne,Côte de Beaune,Pommard,AOC,Pommard Premier Cru,sec,rouge,6,20,16,,,
Bourgogne,Côte de Beaune,Puligny-Montrachet,AOC,Puligny-Montrachet,sec,rouge,5,10,16,,,
Bourgogne,Côte de Beaune,Puligny-Montrachet,AOC,Puligny-Montrachet Premier Cru,sec,rouge,5,15,16,,,
Bourgogne,Côte de Beaune,Puligny-Montrachet,AOC,Puligny-Montrachet,sec,blanc,3,10,13,,,
Bourgogne,Côte de Beaune,Puligny-Montrachet,AOC,Puligny-Montrachet Premier Cru,sec,blanc,3,15,13,,,
Bourgogne,Côte de Beaune,Saint-Aubin,AOC,Saint-Aubin,sec,rouge,5,12,16,,,
Bourgogne,Côte de Beaune,Saint-Aubin,AOC,Saint-Aubin Premier Cru,sec,rouge,6,15,16,,,
Bourgogne,Côte de Beaune,Saint-Aubin,AOC,Saint-Aubin,sec,blanc,4,10,13,,,
Bourgogne,Côte de Beaune,Saint-Aubin,AOC,Saint-Aubin Premier Cru,sec,blanc,5,15,13,,,
Bourgogne,Côte de Beaune,Saint-Romain,AOC,Saint-Romain,sec,rouge,4,12,16,,,
Bourgogne,Côte de Beaune,Saint-Romain,AOC,Saint-Romain,sec,blanc,2,10,13,,,
Bourgogne,Côte de Beaune,Santenay,AOC,Santenay,sec,rouge,3,7,16,,,
Bourgogne,Côte de Beaune,Santenay,AOC,Santenay Premier Cru,sec,rouge,4,15,16,,,
Bourgogne,Côte de Beaune,Santenay,AOC,Santenay,sec,blanc,2,8,13,,,
Bourgogne,Côte de Beaune,Santenay,AOC,Santenay Premier Cru,sec,blanc,3,17,13,,,
Bourgogne,Côte de Beaune,Savigny-lès-Beaune,AOC,Savigny-lès-Beaune,sec,rouge,4,10,16,,,
Bourgogne,Côte de Beaune,Savigny-lès-Beaune,AOC,Savigny-lès-Beaune Premier Cru,sec,rouge,6,16,16,,,
Bourgogne,Côte de Beaune,Savigny-lès-Beaune,AOC,Savigny-lès-Beaune,sec,blanc,4,10,13,,,
Bourgogne,Côte de Beaune,Savigny-lès-Beaune,AOC,Savigny-lès-Beaune Premier Cru,sec,blanc,5,15,13,,,
Bourgogne,Côte de Beaune,Volnay,AOC,Volnay,sec,rouge,3,6,16,,,
Bourgogne,Côte de Beaune,Volnay,AOC,Volnay Premier Cru,sec,rouge,4,15,16,,,
Bourgogne,Côte de Nuits,BOURGOGNE-HAUTES-CÔTES-DE-NUITS,AOC,BOURGOGNE-HAUTES-CÔTES-DE-NUITS,sec,rouge,3,8,16,,,
Bourgogne,Côte de Nuits,BOURGOGNE-HAUTES-CÔTES-DE-NUITS,AOC,BOURGOGNE-HAUTES-CÔTES-DE-NUITS,sec,blanc,1,6,12,14,,
Bourgogne,Côte de Nuits,Bonnes-Mares,AOC,Bonnes-Mares Grand Cru,sec,rouge,10,25,16,,,
Bourgogne,Côte de Nuits,Chambertin,AOC,Chambertin,sec,rouge,7,15,14,16,,
Bourgogne,Côte de Nuits,Chambertin-Clos-de-Bèze,AOC,Chambertin-Clos de Bèze Grand Cru,sec,rouge,10,35,14,16,,
Bourgogne,Côte de Nuits,Chambolle-Musigny,AOC,Chambolle-Musigny,sec,rouge,5,10,16,16,,
Bourgogne,Côte de Nuits,Chambolle-Musigny,AOC,Chambolle-Musigny Premier Cru,sec,rouge,7,15,16,16,,
Bourgogne,Côte de Nuits,Chapelle-Chambertin,AOC,Chapelle-Chambertin Grand Cru,sec,rouge,7,20,15,16,,
Bourgogne,Côte de Nuits,Charmes-Chambertin,AOC,Charmes-Chambertin Grand Cru,sec,rouge,6,25,16,,,
Bourgogne,Côte de Nuits,Clos-de-la-Roche,AOC,Clos de la Roche Grand Cru,sec,rouge,8,30,16,,,
Bourgogne,Côte de Nuits,Clos-de-Tart,AOC,Clos de Tart Grand Cru,sec,rouge,8,30,15,16,,
Bourgogne,Côte de Nuits,Clos-de-Vougeot,AOC,Clos de Vougeot Grand Cru,sec,rouge,10,35,16,,,
Bourgogne,Côte de Nuits,Clos-des-Lambrays,AOC,Clos des Lambrays Grand Cru,sec,rouge,7,25,16,,,
Bourgogne,Côte de Nuits,Clos-Saint-Denis,AOC,Clos Saint-Denis Grand Cru,sec,rouge,5,20,15,16,,
Bourgogne,Côte de Nuits,CÔTE-DE-NUITS-VILLAGES,AOC,CÔTE-DE-NUITS-VILLAGES,sec,rouge,3,8,16,,,
Bourgogne,Côte de Nuits,CÔTE-DE-NUITS-VILLAGES,AOC,CÔTE-DE-NUITS-VILLAGES,sec,blanc,1,5,12,14,,
Bourgogne,Côte de Nuits,ÉCHÉZEAUX,AOC,Echezeaux Grand Cru,sec,rouge,7,30,16,,,
Bourgogne,Côte de Nuits,Fixin,AOC,Fixin,sec,rouge,3,8,16,,,
Bourgogne,Côte de Nuits,Fixin,AOC,Fixin Premier Cru,sec,rouge,3,10,16,,,
Bourgogne,Côte de Nuits,Fixin,AOC,Fixin,sec,blanc,1,5,13,,,
Bourgogne,Côte de Nuits,Fixin,AOC,Fixin Premier Cru,sec,blanc,1,6,13,,,
Bourgogne,Côte de Nuits,Gevrey-Chambertin,AOC,Gevrey-Chambertin,sec,rouge,2,10,16,,,
Bourgogne,Côte de Nuits,Gevrey-Chambertin,AOC,Gevrey-Chambertin Premier Cru,sec,rouge,4,20,16,,,
Bourgogne,Côte de Nuits,GRANDS-ÉCHÉZEAUX,AOC,Grands-Echezeaux Grand Cru,sec,rouge,5,25,16,,,
Bourgogne,Côte de Nuits,Griotte-Chambertin,AOC,Griotte-Chambertin Grand Cru,sec,rouge,8,30,16,,,
Bourgogne,Côte de Nuits,GRANDE-RUE (LA),AOC,La Grande Rue Grand Cru,sec,rouge,7,25,16,,,
Bourgogne,Côte de Nuits,ROMANÉE (LA),AOC,La Romanée Grand Cru,sec,rouge,10,40,16,,,
Bourgogne,Côte de Nuits,TÂCHE (LA),AOC,La Tâche Grand Cru,sec,rouge,8,30,16,,,
Bourgogne,Côte de Nuits,Latricières-Chambertin,AOC,Latricières-Chambertin Grand Cru,sec,rouge,7,35,16,,,
Bourgogne,Côte de Nuits,Marsannay,AOC,Marsannay,sec,rouge,2,9,16,,,
Bourgogne,Côte de Nuits,Marsannay,AOC,Marsannay,sec,blanc,3,7,12,,,
Bourgogne,Côte de Nuits,Marsannay,AOC,Marsannay,sec,pink,1,4,12,,,
Bourgogne,Côte de Nuits,Mazis-Chambertin,AOC,Mazis-Chambertin Grand Cru,sec,rouge,7,30,16,,,
Bourgogne,Côte de Nuits,Mazoyères-Chambertin,AOC,Mazoyères-Chambertin Grand Cru,sec,rouge,7,30,16,,,
Bourgogne,Côte de Nuits,Morey-Saint-Denis,AOC,Morey-Saint-Denis,sec,rouge,3,12,16,,,
Bourgogne,Côte de Nuits,Morey-Saint-Denis,AOC,Morey-Saint-Denis Premier Cru,sec,rouge,3,15,16,,,
Bourgogne,Côte de Nuits,Morey-Saint-Denis,AOC,Morey-Saint-Denis,sec,blanc,2,8,13,,,
Bourgogne,Côte de Nuits,Morey-Saint-Denis,AOC,Morey-Saint-Denis Premier Cru,sec,blanc,2,12,13,,,
Bourgogne,Côte de Nuits,Nuits-Saint-Georges,AOC,Nuits-Saint-Georges,sec,rouge,4,15,16,,,
Bourgogne,Côte de Nuits,Nuits-Saint-Georges,AOC,Nuits-Saint-Georges Premier Cru,sec,rouge,5,20,16,,,
Bourgogne,Côte de Nuits,Nuits-Saint-Georges,AOC,Nuits-Saint-Georges,sec,blanc,3,8,13,,,
Bourgogne,Côte de Nuits,Nuits-Saint-Georges,AOC,Nuits-Saint-Georges Premier Cru,sec,blanc,3,15,13,,,
Bourgogne,Côte de Nuits,Richebourg,AOC,Richebourg Grand Cru,sec,rouge,7,35,16,,,
Bourgogne,Côte de Nuits,Romanée-Conti,AOC,Romanée-Conti Grand Cru,sec,rouge,7,40,16,,,
Bourgogne,Côte de Nuits,Romanée-Saint-Vivant,AOC,Romanée-Saint-Vivant Grand Cru,sec,rouge,7,35,16,,,
Bourgogne,Côte de Nuits,Ruchottes-Chambertin,AOC,Ruchottes-Chambertin Grand Cru,sec,rouge,7,30,16,,,
Bourgogne,Côte de Nuits,Vosne-Romanée,AOC,Vosne-Romanée,sec,rouge,2,13,16,,,
Bourgogne,Côte de Nuits,Vosne-Romanée,AOC,Vosne-Romanée Premier Cru,sec,rouge,5,20,16,,,
Bourgogne,Côte de Nuits,Vougeot,AOC,Vougeot,sec,rouge,3,12,16,,,
Bourgogne,Côte de Nuits,Vougeot,AOC,Vougeot Premier Cru,sec,rouge,5,15,16,,,
Bourgogne,Côte de Nuits,Vougeot,AOC,Vougeot,sec,blanc,2,10,13,,,
Bourgogne,Côte de Nuits,Vougeot,AOC,Vougeot Premier Cru,sec,blanc,2,15,13,,,
Bourgogne,Coteaux du lyonnais,COTEAUX-DU-LYONNAIS,AOC,COTEAUX-DU-LYONNAIS,sec,rouge,2,5,14,16,,
Bourgogne,Coteaux du lyonnais,COTEAUX-DU-LYONNAIS,AOC,COTEAUX-DU-LYONNAIS,sec,blanc,1,4,10,12,,
Bourgogne,Coteaux du lyonnais,COTEAUX-DU-LYONNAIS,AOC,COTEAUX-DU-LYONNAIS,sec,pink,1,3,9,11,,
Bourgogne,Mâcon,MÂCON ET MÂCON-VILLAGES,AOC,MÂCON ET MÂCON-VILLAGES,sec,rouge,2,6,14,,,
Bourgogne,Mâcon,MÂCON ET MÂCON-VILLAGES,AOC,MÂCON ET MÂCON-VILLAGES,sec,blanc,2,8,12,13,,
Bourgogne,Mâcon,MÂCON ET MÂCON-VILLAGES,AOC,MÂCON ET MÂCON-VILLAGES,sec,pink,1,3,10,,,
Bourgogne,Mâcon,MÂCON SUPÉRIEUR,AOC,MÂCON SUPÉRIEUR,sec,rouge,2,8,14,,,
Bourgogne,Mâcon,MÂCON SUPÉRIEUR,AOC,MÂCON SUPÉRIEUR,sec,blanc,2,10,12,13,,
Bourgogne,Mâcon,MÂCON SUPÉRIEUR,AOC,MÂCON SUPÉRIEUR,sec,pink,1,4,10,,,
Bourgogne,Mâcon,Pouilly-Fuissé,AOC,Pouilly-Fuissé,sec,blanc,3,12,13,,,
Bourgogne,Mâcon,Pouilly-Loché,AOC,Pouilly-Loché,sec,blanc,5,15,13,,,
Bourgogne,Mâcon,Pouilly-Vinzelles,AOC,Pouilly-Vinzelles,sec,blanc,2,8,13,,,
Bourgogne,Mâcon,Saint-Véran,AOC,Saint-Véran,sec,blanc,3,8,13,,,
Bourgogne,Mâcon,Viré-Clessé,AOC,Viré-Clessé,sec,blanc,3,10,13,,,
Centre,Centre,Vins de pays/IGP Comtés rhodaniens,IGP,Vins de pays/IGP Comtés rhodaniens,sec,rouge,2,5,16,16,,
Centre,Centre,Vins de pays/IGP Comtés rhodaniens,IGP,Vins de pays/IGP Comtés rhodaniens,sec,blanc,1,3,8,10,,
Centre,Centre,Vins de pays/IGP Comtés rhodaniens,IGP,Vins de pays/IGP Comtés rhodaniens,sec,pink,2,4,8,10,,
Champagne,Champagne,Champagne,AOC,Champagne millésimé,effervescent,blanc,1,15,10,12,,
Champagne,Champagne,Champagne,AOC,Champagne millésimé,effervescent,pink,1,15,11,12,,
Champagne,Champagne,Champagne,AOC,Champagne BSA,effervescent,blanc,1,8,8,10,,
Champagne,Champagne,Champagne,AOC,Champagne BSA,effervescent,pink,1,8,9,11,,
Champagne,Champagne,Champagne,AOC,Coteaux-Champenois,sec,rouge,3,8,13,14,,
Champagne,Champagne,Champagne,AOC,Coteaux-Champenois,sec,blanc,2,10,10,10,,
Champagne,Champagne,Champagne,AOC,Coteaux-Champenois,sec,pink,1,4,8,10,,
Champagne,Champagne,Champagne,AOC,ROSÉ-DES-RICEYS,sec,pink,2,6,10,12,,
Champagne,Champagne,Vins de pays/IGP Coteaux de Coiffy,IGP,Vins de pays/IGP Coteaux de Coiffy,sec,rouge,2,7,12,14,,
Champagne,Champagne,Vins de pays/IGP Coteaux de Coiffy,IGP,Vins de pays/IGP Coteaux de Coiffy,sec,blanc,2,7,12,14,,
Champagne,Champagne,Vins de pays/IGP Coteaux de Coiffy,IGP,Vins de pays/IGP Coteaux de Coiffy,sec,pink,1,4,11,13,,
Champagne,Champagne,Vins de pays/IGP Haute-Marne,IGP,Vins de pays/IGP Haute-Marne,sec,rouge,2,5,16,17,,
Champagne,Champagne,Vins de pays/IGP Haute-Marne,IGP,Vins de pays/IGP Haute-Marne,sec,blanc,2,5,12,14,,
Champagne,Champagne,Vins de pays/IGP Haute-Marne,IGP,Vins de pays/IGP Haute-Marne,effervescent,blanc,1,3,6,8,,
Champagne,Champagne,Vins de pays/IGP Haute-Marne,IGP,Vins de pays/IGP Haute-Marne,sec,pink,1,3,8,10,,
Champagne,Corse,Ajaccio,AOC,Ajaccio,sec,rouge,2,5,16,16,,
Champagne,Corse,Ajaccio,AOC,Ajaccio,sec,blanc,1,3,7,9,,
Champagne,Corse,Ajaccio,AOC,Ajaccio,sec,pink,1,3,8,10,,
Cognac,Cognac,Vins de pays/IGP Charentais,IGP,Vins de pays/IGP Charentais,sec,rouge,1,4,16,16,,
Cognac,Cognac,Vins de pays/IGP Charentais,IGP,Vins de pays/IGP Charentais,sec,blanc,1,2,9,11,,
Cognac,Cognac,Vins de pays/IGP Charentais,IGP,Vins de pays/IGP Charentais,sec,pink,1,3,8,10,,
Corse,Corse,MUSCAT-DU-CAP-CORSE,AOC,MUSCAT-DU-CAP-CORSE,doux,blanc,3,10,9,11,,
Corse,Corse,Patrimonio,AOC,Patrimonio,sec,rouge,3,10,16,16,,
Corse,Corse,Patrimonio,AOC,Patrimonio,sec,blanc,1,3,10,11,,
Corse,Corse,Patrimonio,AOC,Patrimonio,sec,pink,1,2,12,12,,
Corse,Corse,CORSE (VIN DE),AOC,CORSE (VIN DE),sec,rouge,2,5,16,,,
Corse,Corse,CORSE (VIN DE),AOC,CORSE (VIN DE),sec,blanc,1,3,8,,,
Corse,Corse,CORSE (VIN DE),AOC,CORSE (VIN DE),sec,pink,1,3,10,,,
Jura,Arbois,Arbois,AOC,Arbois,sec,rouge,3,10,14,16,,
Jura,Arbois,Arbois,AOC,Arbois,sec,blanc,1,7,11,,,
Jura,Arbois,Arbois,AOC,Arbois,sec,pink,1,2,10,12,,
Jura,Arbois,Arbois,AOC,Arbois Vin de paille,doux,blanc,5,20,7,8,,
Jura,Arbois,Arbois,AOC,Arbois vin jaune,sec,blanc,7,40,14,14,,
Jura,Château-Châlon,CHÂTEAU-CHALON,AOC,CHÂTEAU-CHALON,sec,blanc,7,60,14,16,,
Jura,Côtes du Jura,CÔTES-DU-JURA,AOC,CÔTES-DU-JURA,sec,blanc,2,8,12,14,,
Jura,Côtes du Jura,CÔTES-DU-JURA,AOC,CÔTES-DU-JURA,sec,rouge,2,10,16,16,,
Jura,Côtes du Jura,CÔTES-DU-JURA,AOC,CÔTES-DU-JURA,sec,pink,1,3,8,10,,
Jura,Côtes du Jura,CÔTES-DU-JURA,AOC,CÔTES-DU-JURA Vin jaune,doux,blanc,6,40,15,16,,
Jura,Côtes du Jura,CÔTES-DU-JURA,AOC,CÔTES-DU-JURA,doux,blanc,5,15,8,10,,
Jura,Crémant du Jura,Crémant du Jura,AOC,CRÉMANT-DU-JURA,effervescent,blanc,1,5,8,,,
Jura,Crémant du Jura,Crémant du Jura,AOC,CRÉMANT-DU-JURA,effervescent,pink,1,4,8,,,
Jura,Etoile,L'ÉTOILE,AOC,L'ÉTOILE,sec,blanc,3,10,12,,,
Jura,Etoile,L'ÉTOILE,AOC,L'ÉTOILE vin jaune,sec,blanc,6,40,14,16,,
Jura,Etoile,L'ÉTOILE,AOC,L'ÉTOILE vin de paille,doux,blanc,10,35,8,10,,
Jura,Jura,Vins de pays/IGP Franche-Comté,IGP,Vins de pays/IGP Franche-Comté,sec,rouge,2,5,16,16,,
Jura,Jura,Vins de pays/IGP Franche-Comté,IGP,Vins de pays/IGP Franche-Comté,sec,blanc,1,5,12,14,,
Jura,Jura,Vins de pays/IGP Franche-Comté,IGP,Vins de pays/IGP Franche-Comté,sec,pink,1,2,9,11,,
Jura,Macvin du Jura,MACVIN-DU-JURA,AOC,MACVIN-DU-JURA,doux,blanc,5,20,10,13,,
Jura,Macvin du Jura,MACVIN-DU-JURA,AOC,MACVIN-DU-JURA,doux,rouge,5,20,11,14,,
Jura,Macvin du Jura,MACVIN-DU-JURA,AOC,MACVIN-DU-JURA,doux,pink,5,15,10,13,,
Languedoc,Cabardès,Cabardès,AOC,Cabardès,sec,rouge,5,10,14,16,,
Languedoc,Cabardès,Cabardès,AOC,Cabardès,sec,pink,1,3,10,12,,
Languedoc,Clairette-du-languedoc,Clairette-du-languedoc,AOC,Clairette-du-languedoc,sec,blanc,1,3,10,10,,
Languedoc,Clairette-du-languedoc,Clairette-du-languedoc,AOC,Clairette-du-languedoc,doux,blanc,5,15,10,13,,
Languedoc,Clairette-du-languedoc,Clairette-du-languedoc,AOC,Clairette-du-languedoc rancio,doux,blanc,4,12,10,13,,
Languedoc,Corbières,Corbières,AOC,Corbières,sec,blanc,4,8,10,11,,
Languedoc,Corbières,Corbières,AOC,Corbières,sec,rouge,4,10,16,18,,
Languedoc,Corbières,Corbières,AOC,Corbières,sec,pink,1,3,8,10,,
Languedoc,Corbières-boutenac,Corbières-boutenac,AOC,Corbières-boutenac,sec,rouge,4,15,16,18,,
Languedoc,Crémant-de-limoux,Crémant-de-limoux,AOC,Crémant-de-limoux,effervescent,blanc,2,4,8,10,,
Languedoc,Crémant-de-limoux,Crémant-de-limoux,AOC,Crémant-de-limoux,effervescent,pink,2,4,8,10,,
Languedoc,Faugères,Faugères,AOC,Faugères,sec,rouge,5,15,16,18,,
Languedoc,Faugères,Faugères,AOC,Faugères,sec,blanc,3,8,11,13,,
Languedoc,Faugères,Faugères,AOC,Faugères,sec,pink,1,4,10,11,,
Languedoc,Fitou,Fitou,AOC,Fitou,sec,rouge,5,10,16,18,,
Languedoc,La Clape,La Clape,AOC,La Clape,sec,rouge,5,15,16,18,,
Languedoc,Languedoc,IGP Coteaux de Béziers,IGP,IGP Coteaux de Béziers,sec,rouge,,,,,,
Languedoc,Languedoc,IGP Coteaux de Béziers,IGP,IGP Coteaux de Béziers,sec,blanc,,,,,,
Languedoc,Languedoc,IGP Coteaux de Béziers,IGP,IGP Coteaux de Béziers,sec,pink,,,,,,
Languedoc,Languedoc,Languedoc,AOC,Languedoc,sec,rouge,2,10,16,18,,
Languedoc,Languedoc,Languedoc,AOC,Languedoc,sec,blanc,1,8,9,11,,
Languedoc,Languedoc,Languedoc,AOC,Languedoc,sec,pink,1,4,10,12,,
Languedoc,Languedoc,Vins de pays/IGP Cathare,IGP,Vins de pays/IGP Cathare,sec,rouge,1,3,16,17,,
Languedoc,Languedoc,Vins de pays/IGP Cathare,IGP,Vins de pays/IGP Cathare,sec,blanc,1,3,10,12,,
Languedoc,Languedoc,Vins de pays/IGP Cathare,IGP,Vins de pays/IGP Cathare,sec,pink,1,2,8,10,,
Languedoc,Languedoc,Vins de pays/IGP Cité de Carcassonne,IGP,Vins de pays/IGP Cité de Carcassonne,sec,rouge,1,4,16,16,,
Languedoc,Languedoc,Vins de pays/IGP Cité de Carcassonne,IGP,Vins de pays/IGP Cité de Carcassonne,sec,blanc,1,3,10,11,,
Languedoc,Languedoc,Vins de pays/IGP Cité de Carcassonne,IGP,Vins de pays/IGP Cité de Carcassonne,sec,pink,1,2,8,10,,
Languedoc,Languedoc,Vins de pays/IGP Coteaux d'Ensérune,IGP,Vins de pays/IGP Coteaux d'Ensérune,sec,rouge,2,8,14,16,,
Languedoc,Languedoc,Vins de pays/IGP Coteaux d'Ensérune,IGP,Vins de pays/IGP Coteaux d'Ensérune,sec,blanc,1,3,8,10,,
Languedoc,Languedoc,Vins de pays/IGP Coteaux d'Ensérune,IGP,Vins de pays/IGP Coteaux d'Ensérune,sec,pink,1,2,7,9,,
Languedoc,Languedoc,Vins de pays/IGP Coteaux de Peyriac,IGP,Vins de pays/IGP Coteaux de Peyriac,sec,rouge,1,3,16,16,,
Languedoc,Languedoc,Vins de pays/IGP Coteaux de Peyriac,IGP,Vins de pays/IGP Coteaux de Peyriac,sec,blanc,1,2,7,9,,
Languedoc,Languedoc,Vins de pays/IGP Coteaux de Peyriac,IGP,Vins de pays/IGP Coteaux de Peyriac,sec,pink,1,2,7,9,,
Languedoc,Languedoc,Vins de pays/IGP Côtes de Thau,IGP,Vins de pays/IGP Côtes de Thau,sec,rouge,2,6,16,18,,
Languedoc,Languedoc,Vins de pays/IGP Côtes de Thau,IGP,Vins de pays/IGP Côtes de Thau,sec,blanc,2,5,11,13,,
Languedoc,Languedoc,Vins de pays/IGP Côtes de Thau,IGP,Vins de pays/IGP Côtes de Thau,sec,pink,1,3,8,10,,
Languedoc,Languedoc,Vins de pays/IGP Côtes de Thongue,IGP,Vins de pays/IGP Côtes de Thongue,sec,rouge,1,6,16,18,,
Languedoc,Languedoc,Vins de pays/IGP Côtes de Thongue,IGP,Vins de pays/IGP Côtes de Thongue,sec,blanc,1,3,9,11,,
Languedoc,Languedoc,Vins de pays/IGP Côtes de Thongue,IGP,Vins de pays/IGP Côtes de Thongue,sec,pink,1,2,8,10,,
Languedoc,Languedoc,Vins de pays/IGP Côtes du Brian,IGP,Vins de pays/IGP Côtes du Brian,sec,rouge,2,6,16,18,,
Languedoc,Languedoc,Vins de pays/IGP Côtes du Brian,IGP,Vins de pays/IGP Côtes du Brian,sec,blanc,1,3,11,12,,
Languedoc,Languedoc,Vins de pays/IGP Côtes du Brian,IGP,Vins de pays/IGP Côtes du Brian,sec,pink,1,2,8,10,,
Languedoc,Languedoc,Vins de pays/IGP Haute vallée de l'Aude,IGP,Vins de pays/IGP Haute vallée de l'Aude,sec,rouge,2,5,16,16,,
Languedoc,Languedoc,Vins de pays/IGP Haute vallée de l'Aude,IGP,Vins de pays/IGP Haute vallée de l'Aude,sec,blanc,1,4,10,12,,
Languedoc,Languedoc,Vins de pays/IGP Haute vallée de l'Aude,IGP,Vins de pays/IGP Haute vallée de l'Aude,sec,pink,1,1,8,10,,
Languedoc,Languedoc,Vins de pays/IGP Haute vallée de l'Orb,IGP,Vins de pays/IGP Haute vallée de l'Orb,sec,rouge,1,4,16,16,,
Languedoc,Languedoc,Vins de pays/IGP Haute vallée de l'Orb,IGP,Vins de pays/IGP Haute vallée de l'Orb,sec,blanc,1,4,10,12,,
Languedoc,Languedoc,Vins de pays/IGP Haute vallée de l'Orb,IGP,Vins de pays/IGP Haute vallée de l'Orb,sec,pink,1,2,8,10,,
Languedoc,Languedoc,Vins de pays/IGP Hérault,IGP,Vins de pays/IGP Hérault,sec,rouge,3,12,16,16,,
Languedoc,Languedoc,Vins de pays/IGP Hérault,IGP,Vins de pays/IGP Hérault,sec,blanc,2,10,11,13,,
Languedoc,Languedoc,Vins de pays/IGP Hérault,IGP,Vins de pays/IGP Hérault,sec,pink,1,3,9,11,,
Languedoc,Languedoc,Vins de pays/IGP Sable de Camargue,IGP,Vins de pays/IGP Sable de Camargue,sec,rouge,2,5,16,16,,
Languedoc,Languedoc,Vins de pays/IGP Sable de Camargue,IGP,Vins de pays/IGP Sable de Camargue,sec,blanc,1,4,9,11,,
Languedoc,Languedoc,Vins de pays/IGP Sable de Camargue,IGP,Vins de pays/IGP Sable de Camargue,sec,pink,1,3,9,11,,
Languedoc,Languedoc,Vins de pays/IGP Sable de Camargue,IGP,Vins de pays/IGP Sable de Camargue,sec,gris,1,3,9,11,,
Languedoc,Languedoc,Vins de pays/IGP Sable de Camargue,IGP,Vins de pays/IGP Sable de Camargue,effervescent,blanc,1,3,6,8,,
Languedoc,Languedoc,Vins de pays/IGP Saint-Guilhem-le-Désert,IGP,Vins de pays/IGP Saint-Guilhem-le-Désert,sec,rouge,2,6,16,16,,
Languedoc,Languedoc,Vins de pays/IGP Saint-Guilhem-le-Désert,IGP,Vins de pays/IGP Saint-Guilhem-le-Désert,sec,blanc,2,4,10,12,,
Languedoc,Languedoc,Vins de pays/IGP Saint-Guilhem-le-Désert,IGP,Vins de pays/IGP Saint-Guilhem-le-Désert,sec,pink,1,2,8,10,,
Languedoc,Languedoc,Vins de pays/IGP Torgan,IGP,Vins de pays/IGP Torgan,sec,rouge,2,4,16,16,,
Languedoc,Languedoc,Vins de pays/IGP Torgan,IGP,Vins de pays/IGP Torgan,sec,blanc,1,4,9,11,,
Languedoc,Languedoc,Vins de pays/IGP Torgan,IGP,Vins de pays/IGP Torgan,sec,pink,1,2,8,10,,
Languedoc,Languedoc,Vins de pays/IGP Vallée du paradis,IGP,Vins de pays/IGP Vallée du paradis,sec,rouge,2,6,15,17,,
Languedoc,Languedoc,Vins de pays/IGP Vallée du paradis,IGP,Vins de pays/IGP Vallée du paradis,sec,blanc,1,4,10,11,,
Languedoc,Languedoc,Vins de pays/IGP Vallée du paradis,IGP,Vins de pays/IGP Vallée du paradis,sec,pink,1,2,8,10,,
Languedoc,Languedoc,Vins de pays/IGP Vicomté d'Aumélas,IGP,Vins de pays/IGP Vicomté d'Aumélas,sec,rouge,2,7,16,16,,
Languedoc,Languedoc,Vins de pays/IGP Vicomté d'Aumélas,IGP,Vins de pays/IGP Vicomté d'Aumélas,sec,blanc,2,5,12,14,,
Languedoc,Languedoc,Vins de pays/IGP Vicomté d'Aumélas,IGP,Vins de pays/IGP Vicomté d'Aumélas,sec,pink,1,2,8,10,,
Languedoc,Languedoc,Vins de pays/IGPCoteaux de Narbonne,IGP,Vins de pays/IGPCoteaux de Narbonne,sec,rouge,1,4,16,16,,
Languedoc,Languedoc,Vins de pays/IGPCoteaux de Narbonne,IGP,Vins de pays/IGPCoteaux de Narbonne,sec,blanc,1,3,8,10,,
Languedoc,Languedoc,Vins de pays/IGPCoteaux de Narbonne,IGP,Vins de pays/IGPCoteaux de Narbonne,sec,pink,1,2,7,9,,
Languedoc,Limoux,Limoux,AOC,Limoux,sec,rouge,3,10,15,17,,
Languedoc,Limoux,Limoux,AOC,Limoux,sec,blanc,2,8,9,11,,
Languedoc,Limoux,Limoux,AOC,Blanquette méthode ancestrale,effervescent,blanc,2,5,8,10,,
Languedoc,Limoux,Limoux,AOC,Blanquette-de-limoux,effervescent,blanc,2,5,8,10,,
Languedoc,Malepère,Malepère,AOC,Malepère,sec,rouge,4,12,15,16,,
Languedoc,Malepère,Malepère,AOC,Malepère,sec,pink,2,4,8,11,,
Languedoc,Minervois,Minervois,AOC,Minervois,sec,rouge,4,10,15,17,,
Languedoc,Minervois,Minervois,AOC,Minervois,sec,pink,2,4,9,11,,
Languedoc,Minervois,Minervois,AOC,Minervois,sec,blanc,2,7,12,12,,
Languedoc,Minervois-la-livinière,Minervois-la-livinière,AOC,Minervois-la-livinière,sec,rouge,5,15,16,18,,
Languedoc,Muscat-de-frontignan,Muscat-de-frontignan,AOC,Muscat-de-frontignan,doux,blanc,4,20,9,11,,
Languedoc,Muscat-de-lunel,Muscat-de-lunel,AOC,Muscat-de-lunel,doux,blanc,4,20,9,11,,
Languedoc,Muscat-de-mireval,Muscat-de-mireval,AOC,Muscat-de-mireval,doux,blanc,4,20,9,11,,
Languedoc,Muscat-de-saint-jean-de-minervois,Muscat-de-saint-jean-de-minervois,AOC,Muscat-de-saint-jean-de-minervois,doux,blanc,4,20,9,11,,
Languedoc,Pic-saint-loup,Pic-saint-loup,AOC,Pic-saint-loup,sec,rouge,5,15,16,18,,
Languedoc,Picpoul-de-pinet,Picpoul-de-pinet,AOC,Picpoul-de-pinet,sec,rouge,5,15,16,18,,
Languedoc,Saint-chinian,Saint-chinian,AOC,Saint-chinian,sec,rouge,3,10,16,18,,
Languedoc,Saint-chinian,Saint-chinian,AOC,Saint-chinian,sec,blanc,3,8,8,10,,
Languedoc,Saint-chinian,Saint-chinian,AOC,Saint-chinian,sec,pink,2,4,9,11,,
Languedoc - Roussillon,Languedoc - Roussillon,Vins de pays/IGP Oc,IGP,Vins de pays/IGP Oc,sec,rouge,2,6,15,17,,
Languedoc - Roussillon,Languedoc - Roussillon,Vins de pays/IGP Oc,IGP,Vins de pays/IGP Oc,sec,blanc,1,4,9,11,,
Languedoc - Roussillon,Languedoc - Roussillon,Vins de pays/IGP Oc,IGP,Vins de pays/IGP Oc,sec,pink,1,3,9,11,,
Lorraine,Côtes-de-toul,Côtes-de-toul,AOC,Côtes-de-toul,sec,rouge,2,6,14,16,,
Lorraine,Côtes-de-toul,Côtes-de-toul,AOC,Côtes-de-toul,sec,blanc,3,5,10,12,,
Lorraine,Côtes-de-toul,Côtes-de-toul,AOC,Côtes-de-toul,sec,gris,2,3,9,11,,
Lorraine,Lorraine,Vins de pays/IGP Côte de Meuse,IGP,Vins de pays/IGP Côte de Meuse,sec,rouge,1,3,16,16,,
Lorraine,Lorraine,Vins de pays/IGP Côte de Meuse,IGP,Vins de pays/IGP Côte de Meuse,sec,blanc,1,2,8,10,,
Lorraine,Lorraine,Vins de pays/IGP Côte de Meuse,IGP,Vins de pays/IGP Côte de Meuse,sec,pink,1,3,8,11,,
Lorraine,Moselle,Moselle,AOC,Moselle,sec,rouge,2,5,14,16,,
Lorraine,Moselle,Moselle,AOC,Moselle,sec,blanc,3,5,10,12,,
Lorraine,Moselle,Moselle,AOC,Moselle,sec,pink,2,3,10,12,,
Poitou-Charentes,Haut-poitou,Haut-poitou,AOC,Haut-poitou,sec,rouge,3,10,14,16,,
Poitou-Charentes,Haut-poitou,Haut-poitou,AOC,Haut-poitou,sec,blanc,2,5,9,11,,
Poitou-Charentes,Haut-poitou,Haut-poitou,AOC,Haut-poitou,sec,pink,1,3,8,11,,
Provence,Bandol,Bandol,AOC,Bandol,sec,rouge,3,20,16,18,,
Provence,Bandol,Bandol,AOC,Bandol,sec,pink,2,7,8,11,,
Provence,Bandol,Bandol,AOC,Bandol,sec,blanc,2,5,8,11,,
Provence,Baux-de-Provence (Les),Baux-de-Provence (Les),AOC,Baux-de-Provence (Les),sec,rouge,3,15,15,17,,
Provence,Baux-de-Provence (Les),Baux-de-Provence (Les),AOC,Baux-de-Provence (Les),sec,blanc,2,8,8,11,,
Provence,Baux-de-Provence (Les),Baux-de-Provence (Les),AOC,Baux-de-Provence (Les),sec,pink,2,5,8,10,,
Provence,Bellet,Bellet,AOC,Bellet,sec,rouge,3,15,14,15,,
Provence,Bellet,Bellet,AOC,Bellet,sec,blanc,3,10,8,11,,
Provence,Bellet,Bellet,AOC,Bellet,sec,pink,1,3,10,12,,
Provence,Cassis,Cassis,AOC,Cassis,sec,rouge,2,7,14,16,,
Provence,Cassis,Cassis,AOC,Cassis,sec,blanc,4,10,10,12,,
Provence,Cassis,Cassis,AOC,Cassis,sec,pink,2,4,10,11,,
Provence,Coteaux-d'aix-en-provence,Coteaux-d'aix-en-provence,AOC,Coteaux-d'aix-en-provence,sec,rouge,3,15,14,16,,
Provence,Coteaux-d'aix-en-provence,Coteaux-d'aix-en-provence,AOC,Coteaux-d'aix-en-provence,sec,blanc,2,8,8,10,,
Provence,Coteaux-d'aix-en-provence,Coteaux-d'aix-en-provence,AOC,Coteaux-d'aix-en-provence,sec,pink,1,4,9,11,,
Provence,Coteaux-varois-en-provence,Coteaux-varois-en-provence,AOC,Coteaux-varois-en-provence,sec,rouge,3,15,14,16,,
Provence,Coteaux-varois-en-provence,Coteaux-varois-en-provence,AOC,Coteaux-varois-en-provence,sec,blanc,2,8,8,10,,
Provence,Coteaux-varois-en-provence,Coteaux-varois-en-provence,AOC,Coteaux-varois-en-provence,sec,pink,1,4,9,11,,
Provence,Côtes-de-provence,Côtes-de-provence,AOC,Côtes-de-provence,sec,rouge,3,15,14,16,,
Provence,Côtes-de-provence,Côtes-de-provence,AOC,Côtes-de-provence,sec,blanc,2,8,8,10,,
Provence,Côtes-de-provence,Côtes-de-provence,AOC,Côtes-de-provence,sec,pink,1,4,9,11,,
Provence,Palette,Palette,AOC,Palette,sec,rouge,4,16,15,17,,
Provence,Palette,Palette,AOC,Palette,sec,blanc,4,12,10,12,,
Provence,Palette,Palette,AOC,Palette,sec,pink,2,6,10,13,,
Provence,Provence,Vins de pays/IGP Alpes-de-Haute-Provence,IGP,Vins de pays/IGP Alpes-de-Haute-Provence,sec,rouge,2,10,16,16,,
Provence,Provence,Vins de pays/IGP Alpes-de-Haute-Provence,IGP,Vins de pays/IGP Alpes-de-Haute-Provence,sec,blanc,1,2,8,10,,
Provence,Provence,Vins de pays/IGP Alpes-de-Haute-Provence,IGP,Vins de pays/IGP Alpes-de-Haute-Provence,sec,pink,1,3,9,11,,
Provence,Provence,Vins de pays/IGP Alpes-Maritimes,IGP,Vins de pays/IGP Alpes-Maritimes,sec,rouge,2,8,14,16,,
Provence,Provence,Vins de pays/IGP Alpes-Maritimes,IGP,Vins de pays/IGP Alpes-Maritimes,sec,blanc,1,4,8,10,,
Provence,Provence,Vins de pays/IGP Alpes-Maritimes,IGP,Vins de pays/IGP Alpes-Maritimes,sec,pink,1,3,8,10,,
Provence,Provence,Vins de pays/IGP Alpilles,IGP,Vins de pays/IGP Alpilles,sec,rouge,2,6,14,16,,
Provence,Provence,Vins de pays/IGP Alpilles,IGP,Vins de pays/IGP Alpilles,sec,blanc,1,4,8,10,,
Provence,Provence,Vins de pays/IGP Alpilles,IGP,Vins de pays/IGP Alpilles,sec,pink,1,2,8,10,,
Provence,Provence,Vins de pays/IGP Maures,IGP,Vins de pays/IGP Maures,sec,rouge,2,4,16,16,,
Provence,Provence,Vins de pays/IGP Maures,IGP,Vins de pays/IGP Maures,sec,blanc,1,4,8,10,,
Provence,Provence,Vins de pays/IGP Maures,IGP,Vins de pays/IGP Maures,sec,pink,1,3,8,10,,
Provence,Provence,Vins de pays/IGP Mont-Caume,IGP,Vins de pays/IGP Mont-Caume,sec,rouge,2,5,16,16,,
Provence,Provence,Vins de pays/IGP Mont-Caume,IGP,Vins de pays/IGP Mont-Caume,sec,blanc,1,4,8,10,,
Provence,Provence,Vins de pays/IGP Mont-Caume,IGP,Vins de pays/IGP Mont-Caume,sec,pink,1,3,8,10,,
Provence,Provence,Vins de pays/IGP Var,IGP,Vins de pays/IGP Var,sec,rouge,2,6,16,16,,
Provence,Provence,Vins de pays/IGP Var,IGP,Vins de pays/IGP Var,sec,blanc,1,3,8,10,,
Provence,Provence,Vins de pays/IGP Var,IGP,Vins de pays/IGP Var,sec,pink,1,4,10,12,,
Provence,Provence,Vins de pays/IGPCoteaux du Verdon,IGP,Vins de pays/IGPCoteaux du Verdon,sec,rouge,2,6,16,16,,
Provence,Provence,Vins de pays/IGPCoteaux du Verdon,IGP,Vins de pays/IGPCoteaux du Verdon,sec,blanc,1,3,8,10,,
Provence,Provence,Vins de pays/IGPCoteaux du Verdon,IGP,Vins de pays/IGPCoteaux du Verdon,sec,pink,1,4,10,12,,
Provence,Provence,Vins de pays/IGPHautes-Alpes,IGP,Vins de pays/IGPHautes-Alpes,sec,rouge,2,5,16,16,,
Provence,Provence,Vins de pays/IGPHautes-Alpes,IGP,Vins de pays/IGPHautes-Alpes,sec,blanc,1,5,8,10,,
Provence,Provence,Vins de pays/IGPHautes-Alpes,IGP,Vins de pays/IGPHautes-Alpes,sec,pink,1,3,8,10,,
Provence,Provence,Vins de pays/IGPHautes-Alpes,IGP,Vins de pays/IGPHautes-Alpes,effervescent,blanc,1,3,6,8,,
Provence-Corse,Provence-Corse,Vins de pays/IGP Île de Beauté,IGP,Vins de pays/IGP Île de Beauté,sec,rouge,2,4,14,15,,
Provence-Corse,Provence-Corse,Vins de pays/IGP Île de Beauté,IGP,Vins de pays/IGP Île de Beauté,sec,blanc,1,3,8,10,,
Provence-Corse,Provence-Corse,Vins de pays/IGP Île de Beauté,IGP,Vins de pays/IGP Île de Beauté,sec,pink,1,2,8,9,,
Roussillon,Banyuls,Banyuls,AOC,Banyuls,doux,rouge,5,25,10,12,,
Roussillon,Banyuls,Banyuls,AOC,Banyuls,doux,blanc,6,12,10,13,,
Roussillon,Banyuls,Banyuls,AOC,Banyuls,doux,pink,5,10,10,13,,
Roussillon,Banyuls,Banyuls,AOC,Banyuls rancio,doux,rouge,5,50,12,14,,
Roussillon,Banyuls,Banyuls,AOC,Banyuls ambré,doux,blanc,6,15,10,13,,
Roussillon,Banyuls grand cru,Banyuls grand cru,AOC,Banyuls grand cru,doux,rouge,5,30,10,12,,
Roussillon,Banyuls grand cru,Banyuls grand cru rancio,AOC,Banyuls grand cru,doux,Rouge,5,50,12,14,,
Roussillon,Collioure,Collioure,AOC,Collioure,sec,rouge,5,15,16,18,,
Roussillon,Collioure,Collioure,AOC,Collioure,sec,blanc,4,12,8,11,,
Roussillon,Collioure,Collioure,AOC,Collioure,sec,pink,2,8,8,10,,
Roussillon,Côtes-du-roussillon,Côtes-du-roussillon,AOC,Côtes-du-roussillon,sec,rouge,3,10,16,18,,
Roussillon,Côtes-du-roussillon,Côtes-du-roussillon,AOC,Côtes-du-roussillon,sec,blanc,2,8,8,10,,
Roussillon,Côtes-du-roussillon,Côtes-du-roussillon,AOC,Côtes-du-roussillon,sec,pink,1,3,10,12,,
Roussillon,Côtes-du-roussillon-villages,Côtes-du-roussillon-villages,AOC,Côtes-du-roussillon-villages,sec,rouge,2,10,16,18,,
Roussillon,Maury,Maury,AOC,Maury,doux,rouge,5,25,10,12,,
Roussillon,Maury,Maury,AOC,Maury,doux,blanc,5,15,10,13,,
Roussillon,Maury,Maury,AOC,Maury rancio,doux,blanc,5,50,12,14,,
Roussillon,Maury sec,Maury sec,AOC,Maury sec,sec,rouge,5,15,16,18,,
Roussillon,Muscat-de-rivesaltes,Muscat-de-rivesaltes,AOC,Muscat-de-rivesaltes,doux,blanc,6,20,10,13,,
Roussillon,Rivesaltes,Rivesaltes,AOC,Rivesaltes tuilé,doux,blanc,5,15,14,16,,
Roussillon,Rivesaltes,Rivesaltes,AOC,Rivesaltes rancio,doux,blanc,5,35,12,14,,
Roussillon,Rivesaltes,Rivesaltes,AOC,Rivesaltes,doux,rouge,5,15,11,13,,
Roussillon,Roussillon,Vins de pays/IGP Côte Vermeille,IGP,Vins de pays/IGP Côte Vermeille,sec,rouge,1,4,16,16,,
Roussillon,Roussillon,Vins de pays/IGP Côte Vermeille,IGP,Vins de pays/IGP Côte Vermeille,sec,blanc,1,3,10,11,,
Roussillon,Roussillon,Vins de pays/IGP Côte Vermeille,IGP,Vins de pays/IGP Côte Vermeille,sec,pink,1,2,7,9,,
Roussillon,Roussillon,Vins de pays/IGP Côtes catalanes,IGP,Vins de pays/IGP Côtes catalanes,sec,rouge,3,10,16,16,,
Roussillon,Roussillon,Vins de pays/IGP Côtes catalanes,IGP,Vins de pays/IGP Côtes catalanes,sec,blanc,1,4,8,10,,
Roussillon,Roussillon,Vins de pays/IGP Côtes catalanes,IGP,Vins de pays/IGP Côtes catalanes,sec,pink,1,2,7,9,,
Savoie Bugey,Bugey,Bugey,AOC,Bugey,sec,blanc,1,2,10,,,
Savoie Bugey,Bugey,Bugey,AOC,Bugey,sec,rouge,3,10,14,16,,
Savoie Bugey,Bugey,Bugey,AOC,Bugey,sec,pink,1,2,10,12,,
Savoie Bugey,Bugey,Bugey,AOC,Bugey,effervescent,blanc,1,5,6,6,,
Savoie Bugey,Bugey,Bugey,AOC,Bugey Cerdon,effervescent,pink,1,3,8,10,,
Savoie Bugey,Savoie,CRÉPY,AOC,CRÉPY,sec,blanc,3,8,10,12,,
Savoie Bugey,Bugey,Roussette du Bugey,AOC,Roussette du Bugey,sec,blanc,1,4,10,12,,
Savoie Bugey,Savoie,ROUSSETTE-DE-SAVOIE,AOC,ROUSSETTE-DE-SAVOIE,sec,blanc,1,3,11,11,,
Savoie Bugey,Savoie,ROUSSETTE-DE-SAVOIE,AOC,ROUSSETTE-DE-SAVOIE,sec,blanc,2,5,12,12,,
Savoie Bugey,Savoie,Seyssel,AOC,Seyssel,sec,blanc,1,3,12,12,,
Savoie Bugey,Savoie,SAVOIE (VIN DE),AOC,SAVOIE (VIN DE),sec,rouge,1,6,14,16,,
Savoie Bugey,Savoie,SAVOIE (VIN DE),AOC,SAVOIE (VIN DE),sec,blanc,1,6,11,11,,
Savoie Bugey,Savoie,CRÉMANT-DE-SAVOIE,AOC,CRÉMANT-DE-SAVOIE,effervescent,blanc,1,3,6,8,,
Savoie Bugey,Savoie Bugey,Vins de Pays IGP vins des Allobroges,IGP,Vins de Pays IGP vins des Allobroges,sec,rouge,3,6,16,16,,
Savoie Bugey,Savoie Bugey,Vins de Pays IGP vins des Allobroges,IGP,Vins de Pays IGP vins des Allobroges,sec,blanc,4,10,8,10,,
Savoie Bugey,Savoie Bugey,Vins de pays/IGP Coteaux de l'Ain,IGP,Vins de pays/IGP Coteaux de l'Ain,sec,rouge,3,10,14,16,,
Savoie Bugey,Savoie Bugey,Vins de pays/IGP Coteaux de l'Ain,IGP,Vins de pays/IGP Coteaux de l'Ain,sec,blanc,3,6,10,12,,
Savoie Bugey,Savoie Bugey,Vins de pays/IGP Isère,IGP,Vins de pays/IGP Isère,sec,rouge,3,8,16,16,,
Savoie Bugey,Savoie Bugey,Vins de pays/IGP Isère,IGP,Vins de pays/IGP Isère,sec,blanc,2,6,8,12,,
Savoie Bugey,Savoie Bugey,Vins de pays/IGP Isère,IGP,Vins de pays/IGP Isère,sec,pink,1,2,8,10,,
Sud,Sud,Duché d'Uzès,IGP,Duché d'Uzès,sec,rouge,2,5,16,16,,
Sud,Sud,Duché d'Uzès,IGP,Duché d'Uzès,sec,blanc,1,4,10,12,,
Sud,Sud,Duché d'Uzès,IGP,Duché d'Uzès,sec,pink,1,2,8,10,,
Sud,Sud,Vins de pays/IGP Bouches-du-Rhône,IGP,Vins de pays/IGP Bouches-du-Rhône,sec,rouge,3,12,16,16,,
Sud,Sud,Vins de pays/IGP Bouches-du-Rhône,IGP,Vins de pays/IGP Bouches-du-Rhône,sec,blanc,2,8,11,13,,
Sud,Sud,Vins de pays/IGP Bouches-du-Rhône,IGP,Vins de pays/IGP Bouches-du-Rhône,sec,pink,1,3,9,11,,
Sud,Sud,Vins de pays/IGP Cévennes,IGP,Vins de pays/IGP Cévennes,sec,rouge,2,8,16,16,,
Sud,Sud,Vins de pays/IGP Cévennes,IGP,Vins de pays/IGP Cévennes,sec,blanc,1,4,9,11,,
Sud,Sud,Vins de pays/IGP Cévennes,IGP,Vins de pays/IGP Cévennes,sec,pink,1,2,8,10,,
Sud,Sud,Vins de pays/IGP Coteaux du Pont du Gard,IGP,Vins de pays/IGP Coteaux du Pont du Gard,sec,rouge,2,6,16,16,,
Sud,Sud,Vins de pays/IGP Coteaux du Pont du Gard,IGP,Vins de pays/IGP Coteaux du Pont du Gard,sec,blanc,1,3,11,13,,
Sud,Sud,Vins de pays/IGP Coteaux du Pont du Gard,IGP,Vins de pays/IGP Coteaux du Pont du Gard,sec,pink,1,2,9,11,,
Sud,Sud,Vins de pays/IGP Gard,IGP,Vins de pays/IGP Gard,sec,rouge,3,8,16,16,,
Sud,Sud,Vins de pays/IGP Gard,IGP,Vins de pays/IGP Gard,sec,blanc,2,5,12,14,,
Sud,Sud,Vins de pays/IGP Gard,IGP,Vins de pays/IGP Gard,sec,pink,1,2,8,10,,
Sud,Sud,Vins de pays/IGP Méditerranée,IGP,Vins de pays/IGP Méditerranée,sec,rouge,2,5,16,16,,
Sud,Sud,Vins de pays/IGP Méditerranée,IGP,Vins de pays/IGP Méditerranée,sec,blanc,1,3,10,12,,
Sud,Sud,Vins de pays/IGP Méditerranée,IGP,Vins de pays/IGP Méditerranée,sec,pink,1,2,8,10,,
Sud-Ouest,Armagnac,FLOC-DE-GASCOGNE,AOC,FLOC-DE-GASCOGNE,doux,pink,2,12,6,9,,
Sud-Ouest,Armagnac,FLOC-DE-GASCOGNE,AOC,FLOC-DE-GASCOGNE,doux,blanc,2,12,6,9,,
Sud-Ouest,Armagnac,Vins de pays/IGP Landes,IGP,Vins de pays/IGP Landes,sec,rouge,1,4,14,16,,
Sud-Ouest,Armagnac,Vins de pays/IGP Landes,IGP,Vins de pays/IGP Landes,sec,blanc,1,2,8,10,,
Sud-Ouest,Armagnac,Vins de pays/IGP Landes,IGP,Vins de pays/IGP Landes,sec,pink,1,2,8,10,,
Sud-Ouest,Béarn,Béarn,AOC,Béarn,sec,rouge,2,8,14,16,,
Sud-Ouest,Béarn,Béarn,AOC,Béarn,sec,blanc,2,6,7,10,,
Sud-Ouest,Béarn,Béarn,AOC,Béarn,sec,pink,1,4,8,10,,
Sud-Ouest,Bergerac,Bergerac,AOC,Bergerac,sec,rouge,3,12,15,16,,
Sud-Ouest,Bergerac,Bergerac,AOC,Bergerac,sec,blanc,2,8,10,11,,
Sud-Ouest,Bergerac,Bergerac,AOC,Bergerac,sec,pink,1,4,11,13,,
Sud-Ouest,Brulhois,Brulhois,AOC,Brulhois,sec,rouge,4,12,16,18,,
Sud-Ouest,Brulhois,Brulhois,AOC,Brulhois,sec,pink,1,3,10,11,,
Sud-Ouest,Buzet,Buzet,AOC,Buzet,sec,rouge,3,12,14,16,,
Sud-Ouest,Buzet,Buzet,AOC,Buzet,sec,blanc,1,4,8,10,,
Sud-Ouest,Buzet,Buzet,AOC,Buzet,sec,pink,1,3,9,11,,
Sud-Ouest,Cahors,Cahors,AOC,Cahors,sec,rouge,5,15,16,18,,
Sud-Ouest,Coteaux-du-quercy,Coteaux-du-quercy,AOC,Coteaux-du-quercy,sec,rouge,5,15,16,18,,
Sud-Ouest,Côtes-de-bergerac,Côtes-de-bergerac,AOC,Côtes-de-bergerac,sec,rouge,4,10,16,18,,
Sud-Ouest,Côtes-de-bergerac,Côtes-de-bergerac,AOC,Côtes-de-bergerac,moelleux,blanc,5,20,10,12,,
Sud-Ouest,Côtes-de-duras,Côtes-de-duras,AOC,Côtes-de-duras,sec,rouge,3,12,14,16,,
Sud-Ouest,Côtes-de-duras,Côtes-de-duras,AOC,Côtes-de-duras,sec,blanc,1,4,7,9,,
Sud-Ouest,Côtes-de-duras,Côtes-de-duras,AOC,Côtes-de-duras,sec,pink,1,3,8,10,,
Sud-Ouest,Côtes-de-duras,Côtes-de-duras,AOC,Côtes-de-duras,moelleux,blanc,2,15,10,13,,
Sud-Ouest,Côtes-de-millau,Côtes-de-millau,AOC,Côtes-de-millau,sec,rouge,5,15,16,18,,
Sud-Ouest,Côtes-de-millau,Côtes-de-millau,AOC,Côtes-de-millau,sec,blanc,1,4,8,10,,
Sud-Ouest,Côtes-de-millau,Côtes-de-millau,AOC,Côtes-de-millau,sec,pink,1,2,8,10,,
Sud-Ouest,Côtes-de-montravel,Côtes-de-montravel,AOC,Côtes-de-montravel,doux,blanc,5,20,10,13,,
Sud-Ouest,Côtes-du-marmandais,Côtes-du-marmandais,AOC,Côtes-du-marmandais,sec,rouge,5,15,16,18,,
Sud-Ouest,Côtes-du-marmandais,Côtes-du-marmandais,AOC,Côtes-du-marmandais,sec,blanc,3,10,8,10,,
Sud-Ouest,Côtes-du-marmandais,Côtes-du-marmandais,AOC,Côtes-du-marmandais,sec,pink,2,3,10,12,,
Sud-Ouest,Entraygues-le-fel,Entraygues-le-fel,AOC,Entraygues-le-fel,sec,rouge,3,8,16,,,
Sud-Ouest,Entraygues-le-fel,Entraygues-le-fel,AOC,Entraygues-le-fel,sec,blanc,2,4,10,12,,
Sud-Ouest,Entraygues-le-fel,Entraygues-le-fel,AOC,Entraygues-le-fel,sec,pink,1,3,10,12,,
Sud-Ouest,Fronton,Fronton,AOC,Fronton,sec,rouge,4,15,16,,,
Sud-Ouest,Fronton,Fronton,AOC,Fronton,sec,pink,1,3,8,10,,
Sud-Ouest,Gaillac,Gaillac,AOC,Gaillac,sec,rouge,3,8,15,17,,
Sud-Ouest,Gaillac,Gaillac,AOC,Gaillac,sec,pink,1,4,8,10,,
Sud-Ouest,Gaillac,Gaillac,AOC,Gaillac,sec,blanc,2,6,8,10,,
Sud-Ouest,Gaillac,Gaillac,AOC,Gaillac,effervescent,blanc,1,3,6,8,,
Sud-Ouest,Gaillac,Gaillac,AOC,Gaillac,doux,blanc,5,25,10,12,,
Sud-Ouest,Gaillac,Gaillac,AOC,Gaillac vendanges tardives,doux,blanc,7,30,11,14,,
Sud-Ouest,Haut-montravel,Haut-montravel,AOC,Haut-montravel,moelleux,blanc,5,20,8,10,,
Sud-Ouest,Irouléguy,Irouléguy,AOC,Irouléguy,sec,rouge,3,15,16,,,
Sud-Ouest,Irouléguy,Irouléguy,AOC,Irouléguy,sec,blanc,2,8,10,12,,
Sud-Ouest,Irouléguy,Irouléguy,AOC,Irouléguy,sec,pink,2,5,9,11,,
Sud-Ouest,Jurançon,Jurançon,AOC,Jurançon,sec,blanc,2,10,10,12,,
Sud-Ouest,Jurançon,Jurançon,AOC,Jurançon,doux,blanc,5,20,10,13,,
Sud-Ouest,Jurançon,Jurançon,AOC,Jurançon vendandes tardives,doux,blanc,5,20,10,12,,
Sud-Ouest,Madiran,Madiran,AOC,Madiran,sec,rouge,5,25,16,18,,
Sud-Ouest,Marcillac,Marcillac,AOC,Marcillac,sec,rouge,2,6,16,16,,
Sud-Ouest,Marcillac,Marcillac,AOC,Marcillac,sec,pink,1,3,8,10,,
Sud-Ouest,Monbazillac,Monbazillac,AOC,Monbazillac,doux,blanc,5,25,9,11,,
Sud-Ouest,Montravel,Montravel,AOC,Montravel,sec,rouge,5,15,16,,,
Sud-Ouest,Montravel,Montravel,AOC,Montravel,sec,blanc,2,8,8,10,,
Sud-Ouest,Pacherenc-du-vic-bilh,Pacherenc-du-vic-bilh,AOC,Pacherenc-du-vic-bilh,sec,blanc,2,5,10,12,,
Sud-Ouest,Pacherenc-du-vic-bilh,Pacherenc-du-vic-bilh,AOC,Pacherenc-du-vic-bilh,moelleux,blanc,5,20,8,10,,
Sud-Ouest,Pécharmant,Pécharmant,AOC,Pécharmant,sec,rouge,4,15,16,16,,
Sud-Ouest,Rosette,Rosette,AOC,Rosette,moelleux,blanc,2,7,8,10,,
Sud-Ouest,Saint-mont,Saint-mont,AOC,Saint-mont,sec,rouge,2,6,14,16,,
Sud-Ouest,Saint-mont,Saint-mont,AOC,Saint-mont,sec,blanc,1,4,10,12,,
Sud-Ouest,Saint-mont,Saint-mont,AOC,Saint-mont,sec,pink,1,3,9,11,,
Sud-Ouest,Saint-sardos,Saint-sardos,AOC,Saint-sardos,sec,rouge,3,10,15,16,,
Sud-Ouest,Saint-sardos,Saint-sardos,AOC,Saint-sardos,sec,pink,1,3,10,12,,
Sud-Ouest,Saussignac,Saussignac,AOC,Saussignac,moelleux,blanc,5,20,8,10,,
Sud-Ouest,Saussignac,Saussignac,AOC,Saussignac,doux,blanc,5,25,9,11,,
Sud-Ouest,Sud-Ouest,Lavilledieu,IGP,Lavilledieu,sec,rouge,2,4,16,16,,
Sud-Ouest,Sud-Ouest,Lavilledieu,IGP,Lavilledieu,sec,pink,1,2,8,10,,
Sud-Ouest,Sud-Ouest,Vins de pays/IGP Agenais,IGP,Vins de pays/IGP Agenais,sec,rouge,2,4,16,16,,
Sud-Ouest,Sud-Ouest,Vins de pays/IGP Agenais,IGP,Vins de pays/IGP Agenais,sec,blanc,1,2,8,9,,
Sud-Ouest,Sud-Ouest,Vins de pays/IGP Agenais,IGP,Vins de pays/IGP Agenais,sec,pink,1,2,8,9,,
Sud-Ouest,Sud-Ouest,Vins de pays/IGP Ariège,IGP,Vins de pays/IGP Ariège,sec,rouge,2,7,16,16,,
Sud-Ouest,Sud-Ouest,Vins de pays/IGP Ariège,IGP,Vins de pays/IGP Ariège,sec,blanc,1,3,8,10,,
Sud-Ouest,Sud-Ouest,Vins de pays/IGP Ariège,IGP,Vins de pays/IGP Ariège,moelleux,blanc,1,4,10,11,,
Sud-Ouest,Sud-Ouest,Vins de pays/IGP Ariège,IGP,Vins de pays/IGP Ariège,sec,pink,1,2,8,10,,
Sud-Ouest,Sud-Ouest,Vins de pays/IGP Atlantique,IGP,Vins de pays/IGP Atlantique,sec,rouge,1,4,15,17,,
Sud-Ouest,Sud-Ouest,Vins de pays/IGP Atlantique,IGP,Vins de pays/IGP Atlantique,sec,blanc,1,2,8,9,,
Sud-Ouest,Sud-Ouest,Vins de pays/IGP Atlantique,IGP,Vins de pays/IGP Atlantique,sec,pink,1,2,8,10,,
Sud-Ouest,Sud-Ouest,Vins de pays/IGP Aude,IGP,Vins de pays/IGP Aude,sec,rouge,1,4,16,16,,
Sud-Ouest,Sud-Ouest,Vins de pays/IGP Aude,IGP,Vins de pays/IGP Aude,sec,blanc,1,3,8,10,,
Sud-Ouest,Sud-Ouest,Vins de pays/IGP Aude,IGP,Vins de pays/IGP Aude,sec,pink,1,2,8,10,,
Sud-Ouest,Sud-Ouest,Vins de pays/IGP Aveyron,IGP,Vins de pays/IGP Aveyron,sec,rouge,1,3,16,16,,
Sud-Ouest,Sud-Ouest,Vins de pays/IGP Aveyron,IGP,Vins de pays/IGP Aveyron,sec,blanc,1,3,10,12,,
Sud-Ouest,Sud-Ouest,Vins de pays/IGP Aveyron,IGP,Vins de pays/IGP Aveyron,sec,pink,1,2,8,10,,
Sud-Ouest,Sud-Ouest,Vins de pays/IGP Comté tolosan,IGP,Vins de pays/IGP Comté tolosan,sec,rouge,2,4,14,16,,
Sud-Ouest,Sud-Ouest,Vins de pays/IGP Comté tolosan,IGP,Vins de pays/IGP Comté tolosan,sec,blanc,1,3,8,11,,
Sud-Ouest,Sud-Ouest,Vins de pays/IGP Comté tolosan,IGP,Vins de pays/IGP Comté tolosan,sec,pink,1,3,9,11,,
Sud-Ouest,Sud-Ouest,Vins de pays/IGP Corrèze,IGP,Vins de pays/IGP Corrèze,sec,rouge,1,4,16,16,,
Sud-Ouest,Sud-Ouest,Vins de pays/IGP Corrèze,IGP,Vins de pays/IGP Corrèze,doux,rouge,2,10,8,10,,
Sud-Ouest,Sud-Ouest,Vins de pays/IGP Corrèze,IGP,Vins de pays/IGP Corrèze,sec,blanc,2,6,8,10,,
Sud-Ouest,Sud-Ouest,Vins de pays/IGP Corrèze,IGP,Vins de pays/IGP Corrèze,sec,pink,1,2,8,10,,
Sud-Ouest,Sud-Ouest,Vins de pays/IGP Coteaux de Glanes,IGP,Vins de pays/IGP Coteaux de Glanes,sec,rouge,1,3,14,16,,
Sud-Ouest,Sud-Ouest,Vins de pays/IGP Coteaux de Glanes,IGP,Vins de pays/IGP Coteaux de Glanes,sec,pink,1,2,8,10,,
Sud-Ouest,Sud-Ouest,Vins de pays/IGP Côtes de Gascogne,IGP,Vins de pays/IGP Côtes de Gascogne,sec,rouge,2,5,16,16,,
Sud-Ouest,Sud-Ouest,Vins de pays/IGP Côtes de Gascogne,IGP,Vins de pays/IGP Côtes de Gascogne,sec,blanc,1,3,8,10,,
Sud-Ouest,Sud-Ouest,Vins de pays/IGP Côtes de Gascogne,IGP,Vins de pays/IGP Côtes de Gascogne,sec,pink,1,4,9,11,,
Sud-Ouest,Sud-Ouest,Vins de pays/IGP Côtes du Lot,IGP,Vins de pays/IGP Côtes du Lot,sec,rouge,1,5,13,15,,
Sud-Ouest,Sud-Ouest,Vins de pays/IGP Côtes du Lot,IGP,Vins de pays/IGP Côtes du Lot,sec,blanc,1,4,10,12,,
Sud-Ouest,Sud-Ouest,Vins de pays/IGP Côtes du Lot,IGP,Vins de pays/IGP Côtes du Lot,sec,pink,1,2,8,10,,
Sud-Ouest,Sud-Ouest,Vins de pays/IGP Côtes du Tarn,IGP,Vins de pays/IGP Côtes du Tarn,sec,rouge,2,5,16,16,,
Sud-Ouest,Sud-Ouest,Vins de pays/IGP Côtes du Tarn,IGP,Vins de pays/IGP Côtes du Tarn,sec,blanc,1,5,10,12,,
Sud-Ouest,Sud-Ouest,Vins de pays/IGP Côtes du Tarn,IGP,Vins de pays/IGP Côtes du Tarn,sec,pink,1,2,8,9,,
Sud-Ouest,Sud-Ouest,Vins de pays/IGP Gers,IGP,Vins de pays/IGP Gers,sec,rouge,1,4,14,16,,
Sud-Ouest,Sud-Ouest,Vins de pays/IGP Gers,IGP,Vins de pays/IGP Gers,sec,blanc,1,3,8,10,,
Sud-Ouest,Sud-Ouest,Vins de pays/IGP Gers,IGP,Vins de pays/IGP Gers,doux,blanc,1,4,9,11,,
Sud-Ouest,Sud-Ouest,Vins de pays/IGP Gers,IGP,Vins de pays/IGP Gers,sec,pink,1,2,8,10,,
Sud-Ouest,Sud-Ouest,Vins de pays/IGP Périgord,IGP,Vins de pays/IGP Périgord Domme,sec,rouge,3,6,16,18,,
Sud-Ouest,Sud-Ouest,Vins de pays/IGP Périgord,IGP,Vins de pays/IGP Périgord,sec,rouge,2,5,16,18,,
Sud-Ouest,Sud-Ouest,Vins de pays/IGP Périgord,IGP,Vins de pays/IGP Périgord,sec,blanc,1,3,9,11,,
Sud-Ouest,Sud-Ouest,Vins de pays/IGP Périgord,IGP,Vins de pays/IGP Périgord,sec,pink,1,2,8,10,,
Sud-Ouest,Sud-Ouest,Vins de pays/IGP Thézac-Perricard,IGP,Vins de pays/IGP Thézac-Perricard,sec,rouge,2,6,15,16,,
Sud-Ouest,Sud-Ouest,Vins de pays/IGP Thézac-Perricard,IGP,Vins de pays/IGP Thézac-Perricard,sec,pink,1,2,8,9,,
Sud-Ouest,Tursan,Tursan,AOC,Tursan,sec,rouge,4,15,16,16,,
Sud-Ouest,VINS-D'ESTAING,VINS-D'ESTAING,AOC,Tursan,sec,blanc,2,5,8,10,,
Sud-Ouest,VINS-D'ESTAING,VINS-D'ESTAING,AOC,Tursan,sec,pink,1,3,10,11,,
Vallée de la Loire et Centre,Anjou,Anjou,AOC,Anjou,sec,rouge,2,5,14,15,,
Vallée de la Loire et Centre,Anjou,Anjou,AOC,Anjou,sec,blanc,2,4,8,10,,
Vallée de la Loire et Centre,Anjou,Anjou,AOC,Anjou-Gamay,sec,rouge,1,1,13,14,,
Vallée de la Loire et Centre,Anjou,Anjou,AOC,Anjou,effervescent,blanc,1,3,6,8,,
Vallée de la Loire et Centre,Anjou,Anjou,AOC,Anjou,effervescent,rouge,1,3,8,10,,
Vallée de la Loire et Centre,Anjou-coteaux-de-la-loire,Anjou-coteaux-de-la-loire,AOC,Anjou-coteaux-de-la-loire,doux,blanc,2,15,8,10,,
Vallée de la Loire et Centre,Anjou-villages,Anjou-villages,AOC,Anjou-villages,sec,rouge,4,12,16,16,,
Vallée de la Loire et Centre,Anjou-villages-brissac,Anjou-villages-brissac,AOC,Anjou-villages-brissac,sec,rouge,5,15,16,16,,
Vallée de la Loire et Centre,Bonnezeaux,Bonnezeaux,AOC,Bonnezeaux,doux,blanc,5,35,10,12,,
Vallée de la Loire et Centre,Bourgueil,Bourgueil,AOC,Bourgueil,sec,rouge,3,16,14,16,,
Vallée de la Loire et Centre,Bourgueil,Bourgueil,AOC,Bourgueil,sec,pink,1,3,8,10,,
Vallée de la Loire et Centre,Cabernet-d'anjou,Cabernet-d'anjou,AOC,Cabernet-d'anjou,moelleux,pink,2,3,8,11,,
Vallée de la Loire et Centre,Cabernet-d'anjou,Cabernet-d'anjou,AOC,Cabernet-d'anjou,doux,pink,2,3,8,11,,
Vallée de la Loire et Centre,Cabernet-de-saumur,Cabernet-de-saumur,AOC,Cabernet-de-saumur,sec,pink,1,2,10,12,,
Vallée de la Loire et Centre,Cabernet-de-saumur,Cabernet-de-saumur,AOC,Cabernet-de-saumur,moelleux,pink,2,3,8,10,,
Vallée de la Loire et Centre,Châteaumeillant,Châteaumeillant,AOC,Châteaumeillant,sec,rouge,2,5,14,16,,
Vallée de la Loire et Centre,Châteaumeillant,Châteaumeillant,AOC,Châteaumeillant,sec,gris,1,3,8,10,,
Vallée de la Loire et Centre,Chaume,Chaume,AOC,Chaume,doux,blanc,3,25,11,13,,
Vallée de la Loire et Centre,Cheverny,Cheverny,AOC,Cheverny,sec,rouge,3,10,14,14,,
Vallée de la Loire et Centre,Cheverny,Cheverny,AOC,Cheverny,sec,blanc,1,5,8,10,,
Vallée de la Loire et Centre,Cheverny,Cheverny,AOC,Cheverny,sec,pink,1,2,8,10,,
Vallée de la Loire et Centre,Chinon,Chinon,AOC,Chinon,sec,rouge,4,20,16,16,,
Vallée de la Loire et Centre,Chinon,Chinon,AOC,Chinon,sec,blanc,2,5,10,12,,
Vallée de la Loire et Centre,Chinon,Chinon,AOC,Chinon,sec,pink,1,3,9,11,,
Vallée de la Loire et Centre,Côte-roannaise,Côte-roannaise,AOC,Côte-roannaise,sec,rouge,1,5,14,16,,
Vallée de la Loire et Centre,Côte-roannaise,Côte-roannaise,AOC,Côte-roannaise,sec,pink,1,2,8,10,,
Vallée de la Loire et Centre,Coteaux-d'ancenis,Coteaux-d'ancenis,AOC,Coteaux-d'ancenis,sec,rouge,3,7,14,16,,
Vallée de la Loire et Centre,Coteaux-d'ancenis,Coteaux-d'ancenis,AOC,Coteaux-d'ancenis,sec,blanc,2,5,10,12,,
Vallée de la Loire et Centre,Coteaux-d'ancenis,Coteaux-d'ancenis,AOC,Coteaux-d'ancenis,sec,pink,1,3,10,12,,
Vallée de la Loire et Centre,Coteaux-d'ancenis,Coteaux-d'ancenis,AOC,Coteaux-d'ancenis Malvoisie,sec,blanc,3,15,10,10,,
Vallée de la Loire et Centre,Coteaux-de-l'aubance,Coteaux-de-l'aubance,AOC,Coteaux-de-l'aubance vendanges tardives,doux,blanc,5,20,9,12,,
Vallée de la Loire et Centre,Coteaux-de-l'aubance,Coteaux-de-l'aubance,AOC,Coteaux-de-l'aubance sélection de grains nobles,doux,blanc,5,35,10,13,,
Vallée de la Loire et Centre,Coteaux-de-saumur,Coteaux-de-saumur,AOC,Coteaux-de-saumur,doux,blanc,5,20,10,12,,
Vallée de la Loire et Centre,Coteaux-du-giennois,Coteaux-du-giennois,AOC,Coteaux-du-giennois,sec,rouge,2,6,14,15,,
Vallée de la Loire et Centre,Coteaux-du-giennois,Coteaux-du-giennois,AOC,Coteaux-du-giennois,sec,blanc,1,3,8,10,,
Vallée de la Loire et Centre,Coteaux-du-giennois,Coteaux-du-giennois,AOC,Coteaux-du-giennois,sec,pink,1,2,10,12,,
Vallée de la Loire et Centre,Coteaux-du-layon,Coteaux-du-layon,AOC,Coteaux-du-layon,doux,blanc,5,25,10,13,,
Vallée de la Loire et Centre,Coteaux-du-layon,Coteaux-du-layon,AOC,Coteaux-du-layon sélection de grains nobles,doux,blanc,5,35,10,13,,
Vallée de la Loire et Centre,Coteaux-du-loir,Coteaux-du-loir,AOC,Coteaux-du-loir,sec,rouge,1,4,14,14,,
Vallée de la Loire et Centre,Coteaux-du-loir,Coteaux-du-loir,AOC,Coteaux-du-loir,sec,blanc,1,6,10,12,,
Vallée de la Loire et Centre,Coteaux-du-loir,Coteaux-du-loir,AOC,Coteaux-du-loir,sec,pink,1,2,10,12,,
Vallée de la Loire et Centre,Coteaux-du-vendômois,Coteaux-du-vendômois,AOC,Coteaux-du-vendômois,sec,rouge,1,3,14,14,,
Vallée de la Loire et Centre,Coteaux-du-vendômois,Coteaux-du-vendômois,AOC,Coteaux-du-vendômois,sec,blanc,1,3,10,11,,
Vallée de la Loire et Centre,Coteaux-du-vendômois,Coteaux-du-vendômois,AOC,Coteaux-du-vendômois,sec,gris,1,2,11,12,,
Vallée de la Loire et Centre,Côtes-d'auvergne,Côtes-d'auvergne,AOC,Côtes-d'auvergne,sec,rouge,3,7,15,16,,
Vallée de la Loire et Centre,Côtes-d'auvergne,Côtes-d'auvergne,AOC,Côtes-d'auvergne,sec,blanc,2,4,12,14,,
Vallée de la Loire et Centre,Côtes-d'auvergne,Côtes-d'auvergne,AOC,Côtes-d'auvergne,sec,pink,1,3,10,12,,
Vallée de la Loire et Centre,Côtes-du-forez,Côtes-du-forez,AOC,Côtes-du-forez,sec,rouge,2,4,14,14,,
Vallée de la Loire et Centre,Côtes-du-forez,Côtes-du-forez,AOC,Côtes-du-forez,sec,pink,1,2,11,12,,
Vallée de la Loire et Centre,Cour-cheverny,Cour-cheverny,AOC,Cour-cheverny,sec,blanc,2,5,9,11,,
Vallée de la Loire et Centre,Crémant-de-loire,Crémant-de-loire,AOC,Crémant-de-loire,effervescent,blanc,1,4,7,9,,
Vallée de la Loire et Centre,Crémant-de-loire,Crémant-de-loire,AOC,Crémant-de-loire,effervescent,pink,1,3,8,9,,
Vallée de la Loire et Centre,Fiefs-vendéens,Fiefs-vendéens,AOC,Fiefs-vendéens,sec,rouge,3,12,16,,,
Vallée de la Loire et Centre,Fiefs-vendéens,Fiefs-vendéens,AOC,Fiefs-vendéens,sec,blanc,3,10,12,13,,
Vallée de la Loire et Centre,Fiefs-vendéens,Fiefs-vendéens,AOC,Fiefs-vendéens,sec,pink,1,3,11,12,,
Vallée de la Loire et Centre,Gros-plant-du-pays-nantais,Gros-plant-du-pays-nantais,AOC,Gros-plant-du-pays-nantais,sec,blanc,1,4,8,10,,
Vallée de la Loire et Centre,Jasnières,Jasnières,AOC,Jasnières,sec,blanc,3,15,11,13,,
Vallée de la Loire et Centre,Menetou-salon,Menetou-salon,AOC,Menetou-salon,sec,rouge,3,10,16,16,,
Vallée de la Loire et Centre,Menetou-salon,Menetou-salon,AOC,Menetou-salon,sec,blanc,3,8,10,12,,
Vallée de la Loire et Centre,Menetou-salon,Menetou-salon,AOC,Menetou-salon,sec,pink,1,3,10,11,,
Vallée de la Loire et Centre,Montlouis-sur-loire,Montlouis-sur-loire,AOC,Montlouis-sur-loire,sec,blanc,3,8,10,12,,
Vallée de la Loire et Centre,Montlouis-sur-loire,Montlouis-sur-loire,AOC,Montlouis-sur-loire,moelleux,blanc,5,20,9,11,,
Vallée de la Loire et Centre,Montlouis-sur-loire,Montlouis-sur-loire,AOC,Montlouis-sur-loire,effervescent,blanc,1,2,6,8,,
Vallée de la Loire et Centre,Muscadet,Muscadet,AOC,Muscadet,sec,blanc,1,5,8,10,,
Vallée de la Loire et Centre,Muscadet,Muscadet,AOC,Muscadet sur lie,sec,blanc,3,10,8,10,,
Vallée de la Loire et Centre,Muscadet-coteaux-de-la-loire,Muscadet-coteaux-de-la-loire,AOC,Muscadet-coteaux-de-la-loire,sec,blanc,1,5,8,10,,
Vallée de la Loire et Centre,Muscadet-côtes-de-grand-lieu,Muscadet-côtes-de-grand-lieu,AOC,Muscadet-côtes-de-grand-lieu,sec,blanc,1,5,8,10,,
Vallée de la Loire et Centre,Muscadet-sèvre-et-maine,Muscadet-sèvre-et-maine,AOC,Muscadet-sèvre-et-maine,sec,blanc,1,5,8,10,,
Vallée de la Loire et Centre,Orléans,Orléans,AOC,Orléans,sec,rouge,1,4,13,14,,
Vallée de la Loire et Centre,Orléans,Orléans,AOC,Orléans,sec,blanc,1,3,10,11,,
Vallée de la Loire et Centre,Orléans,Orléans,AOC,Orléans,sec,pink,1,2,8,10,,
Vallée de la Loire et Centre,Orléans-cléry,Orléans-cléry,AOC,Orléans-cléry,sec,rouge,2,5,13,14,,
Vallée de la Loire et Centre,Pouilly-fumé,Pouilly-fumé,AOC,Pouilly-fumé,sec,blanc,3,15,10,12,,
Vallée de la Loire et Centre,Pouilly-sur-loire,Pouilly-sur-loire,AOC,Pouilly-sur-loire,sec,blanc,2,6,10,12,,
Vallée de la Loire et Centre,Quarts-de-chaume,Quarts-de-chaume,AOC,Quarts-de-chaume,doux,blanc,5,35,8,10,,
Vallée de la Loire et Centre,Quincy,Quincy,AOC,Quincy,sec,blanc,3,10,10,12,,
Vallée de la Loire et Centre,Reuilly,Reuilly,AOC,Reuilly,sec,rouge,1,4,16,16,,
Vallée de la Loire et Centre,Reuilly,Reuilly,AOC,Reuilly,sec,blanc,1,3,10,11,,
Vallée de la Loire et Centre,Reuilly,Reuilly,AOC,Reuilly,sec,pink,1,2,12,12,,
Vallée de la Loire et Centre,Rosé-d'anjou,Rosé-d'anjou,AOC,Rosé-d'anjou,moelleux,pink,1,4,10,12,,
Vallée de la Loire et Centre,Rosé-de-loire,Rosé-de-loire,AOC,Rosé-de-loire,sec,pink,1,3,8,10,,
Vallée de la Loire et Centre,Saint-nicolas-de-bourgueil,Saint-nicolas-de-bourgueil,AOC,Saint-nicolas-de-bourgueil,sec,rouge,3,17,14,16,,
Vallée de la Loire et Centre,Saint-nicolas-de-bourgueil,Saint-nicolas-de-bourgueil,AOC,Saint-nicolas-de-bourgueil,sec,pink,1,4,10,11,,
Vallée de la Loire et Centre,Saint-pourçain,Saint-pourçain,AOC,Saint-pourçain,sec,rouge,2,6,14,14,,
Vallée de la Loire et Centre,Saint-pourçain,Saint-pourçain,AOC,Saint-pourçain,sec,blanc,1,5,10,10,,
Vallée de la Loire et Centre,Saint-pourçain,Saint-pourçain,AOC,Saint-pourçain,sec,pink,1,3,9,11,,
Vallée de la Loire et Centre,Sancerre,Sancerre,AOC,Sancerre,sec,rouge,2,8,14,15,,
Vallée de la Loire et Centre,Sancerre,Sancerre,AOC,Sancerre,sec,blanc,2,15,10,12,,
Vallée de la Loire et Centre,Sancerre,Sancerre,AOC,Sancerre,sec,pink,1,4,12,12,,
Vallée de la Loire et Centre,Saumur,Saumur,AOC,Saumur,sec,rouge,3,10,16,16,,
Vallée de la Loire et Centre,Saumur,Saumur,AOC,Saumur Puy-Notre-Dame,sec,rouge,3,15,15,15,,
Vallée de la Loire et Centre,Saumur,Saumur,AOC,Saumur,sec,blanc,2,10,12,14,,
Vallée de la Loire et Centre,Saumur,Saumur,AOC,Saumur,effervescent,blanc,1,3,6,8,,
Vallée de la Loire et Centre,Saumur,Saumur,AOC,Saumur,effervescent,pink,1,2,6,8,,
Vallée de la Loire et Centre,Saumur-champigny,Saumur-champigny,AOC,Saumur-champigny,sec,rouge,3,12,16,16,,
Vallée de la Loire et Centre,Savennières,Savennières,AOC,Savennières,sec,blanc,3,15,11,13,,
Vallée de la Loire et Centre,Savennières-coulée-de-serrant,Savennières-coulée-de-serrant,AOC,Savennières-coulée-de-serrant,sec,blanc,4,20,11,13,,
Vallée de la Loire et Centre,Savennières-roche-aux-moines,Savennières-roche-aux-moines,AOC,Savennières-roche-aux-moines,sec,blanc,3,15,11,13,,
Vallée de la Loire et Centre,Touraine,Touraine,AOC,Touraine,sec,rouge,2,10,14,15,,
Vallée de la Loire et Centre,Touraine,Touraine,AOC,Touraine,sec,blanc,1,5,8,10,,
Vallée de la Loire et Centre,Touraine,Touraine,AOC,Touraine,sec,pink,1,3,8,10,,
Vallée de la Loire et Centre,Touraine,Touraine,AOC,Touraine,effervescent,blanc,1,4,6,8,,
Vallée de la Loire et Centre,Touraine,Touraine,AOC,Touraine,effervescent,pink,1,4,7,9,,
Vallée de la Loire et Centre,Touraine,Touraine,AOC,Touraine,effervescent,rouge,1,4,10,12,,
Vallée de la Loire et Centre,Touraine-noble-joué,Touraine-noble-joué,AOC,Touraine-noble-joué,sec,pink,2,4,8,10,,
Vallée de la Loire et Centre,Touraine,TOURAINE-AMBOISE,AOC,TOURAINE-AMBOISE,sec,rouge,2,10,14,15,,
Vallée de la Loire et Centre,Touraine,TOURAINE-AMBOISE,AOC,TOURAINE-AMBOISE,sec,blanc,1,5,8,10,,
Vallée de la Loire et Centre,Touraine,TOURAINE-AMBOISE,AOC,TOURAINE-AMBOISE,sec,pink,1,3,8,10,,
Vallée de la Loire et Centre,Touraine,TOURAINE-AZAY-LE-RIDEAU,AOC,TOURAINE-AZAY-LE-RIDEAU,sec,blanc,2,10,10,12,,
Vallée de la Loire et Centre,Touraine,TOURAINE-AZAY-LE-RIDEAU,AOC,TOURAINE-AZAY-LE-RIDEAU,sec,pink,1,3,10,12,,
Vallée de la Loire et Centre,Touraine,TOURAINE-CHENONCEAUX,AOC,TOURAINE-CHENONCEAUX,sec,rouge,3,10,14,15,,
Vallée de la Loire et Centre,Touraine,TOURAINE-CHENONCEAUX,AOC,TOURAINE-CHENONCEAUX,sec,blanc,1,3,8,10,,
Vallée de la Loire et Centre,Touraine,TOURAINE-MESLAND,AOC,TOURAINE-MESLAND,sec,rouge,3,10,14,15,,
Vallée de la Loire et Centre,Touraine,TOURAINE-MESLAND,AOC,TOURAINE-MESLAND,sec,blanc,1,5,8,10,,
Vallée de la Loire et Centre,Touraine,TOURAINE-MESLAND,AOC,TOURAINE-MESLAND,sec,pink,1,3,8,10,,
Vallée de la Loire et Centre,Touraine,TOURAINE-OISLY,AOC,TOURAINE-OISLY,sec,blanc,1,5,10,12,,
Vallée de la Loire et Centre,Valençay,Valençay,AOC,Valençay,sec,rouge,2,5,14,14,,
Vallée de la Loire et Centre,Valençay,Valençay,AOC,Valençay,sec,blanc,1,4,10,11,,
Vallée de la Loire et Centre,Valençay,Valençay,AOC,Valençay,sec,pink,1,3,9,11,,
Vallée de la Loire et Centre,Vallée de la Loire et Centre,Vins de pays/IGP Allier,IGP,Vins de pays/IGP Allier,sec,rouge,1,4,14,16,,
Vallée de la Loire et Centre,Vallée de la Loire et Centre,Vins de pays/IGP Allier,IGP,Vins de pays/IGP Allier,sec,blanc,1,2,8,10,,
Vallée de la Loire et Centre,Vallée de la Loire et Centre,Vins de pays/IGP Allier,IGP,Vins de pays/IGP Allier,sec,pink,1,2,8,10,,
Vallée de la Loire et Centre,Vallée de la Loire et Centre,Vins de pays/IGP Calvados,IGP,Vins de pays/IGP Calvados,sec,rouge,1,4,12,14,,
Vallée de la Loire et Centre,Vallée de la Loire et Centre,Vins de pays/IGP Calvados,IGP,Vins de pays/IGP Calvados,sec,blanc,1,6,9,11,,
Vallée de la Loire et Centre,Vallée de la Loire et Centre,Vins de pays/IGP Calvados,IGP,Vins de pays/IGP Calvados,sec,pink,1,2,8,10,,
Vallée de la Loire et Centre,Vallée de la Loire et Centre,Vins de pays/IGP Cher,IGP,Vins de pays/IGP Cher,sec,rouge,2,4,13,15,,
Vallée de la Loire et Centre,Vallée de la Loire et Centre,Vins de pays/IGP Cher,IGP,Vins de pays/IGP Cher,sec,blanc,1,4,8,10,,
Vallée de la Loire et Centre,Vallée de la Loire et Centre,Vins de pays/IGP Cher,IGP,Vins de pays/IGP Cher,sec,pink,1,3,8,10,,
Vallée de la Loire et Centre,Vallée de la Loire et Centre,Vins de pays/IGP Coteaux charitois,IGP,Vins de pays/IGP Coteaux charitois,sec,rouge,2,4,15,16,,
Vallée de la Loire et Centre,Vallée de la Loire et Centre,Vins de pays/IGP Coteaux charitois,IGP,Vins de pays/IGP Coteaux charitois,sec,blanc,2,6,10,12,,
Vallée de la Loire et Centre,Vallée de la Loire et Centre,Vins de pays/IGP Coteaux charitois,IGP,Vins de pays/IGP Coteaux charitois,sec,pink,1,2,9,11,,
Vallée de la Loire et Centre,Vallée de la Loire et Centre,Vins de pays/IGP Côtes de la Charité,IGP,Vins de pays/IGP Côtes de la Charité,sec,rouge,2,6,13,15,,
Vallée de la Loire et Centre,Vallée de la Loire et Centre,Vins de pays/IGP Côtes de la Charité,IGP,Vins de pays/IGP Côtes de la Charité,sec,blanc,2,5,12,14,,
Vallée de la Loire et Centre,Vallée de la Loire et Centre,Vins de pays/IGP Côtes de la Charité,IGP,Vins de pays/IGP Côtes de la Charité,sec,pink,1,3,9,11,,
Vallée de la Loire et Centre,Vallée de la Loire et Centre,Vins de pays/IGP Haute-Vienne,IGP,Vins de pays/IGP Haute-Vienne,sec,rouge,1,4,13,15,,
Vallée de la Loire et Centre,Vallée de la Loire et Centre,Vins de pays/IGP Haute-Vienne,IGP,Vins de pays/IGP Haute-Vienne,sec,blanc,1,3,10,11,,
Vallée de la Loire et Centre,Vallée de la Loire et Centre,Vins de pays/IGP Haute-Vienne,IGP,Vins de pays/IGP Haute-Vienne,sec,pink,1,2,8,10,,
Vallée de la Loire et Centre,Vallée de la Loire et Centre,Vins de pays/IGP Puy-de-Dôme,IGP,Vins de pays/IGP Puy-de-Dôme,sec,rouge,2,5,16,16,,
Vallée de la Loire et Centre,Vallée de la Loire et Centre,Vins de pays/IGP Puy-de-Dôme,IGP,Vins de pays/IGP Puy-de-Dôme,sec,blanc,1,3,8,10,,
Vallée de la Loire et Centre,Vallée de la Loire et Centre,Vins de pays/IGP Puy-de-Dôme,IGP,Vins de pays/IGP Puy-de-Dôme,sec,pink,1,2,8,10,,
Vallée de la Loire et Centre,Vallée de la Loire et Centre,Vins de pays/IGP Urfé,IGP,Vins de pays/IGP Urfé,sec,rouge,2,6,14,15,,
Vallée de la Loire et Centre,Vallée de la Loire et Centre,Vins de pays/IGP Urfé,IGP,Vins de pays/IGP Urfé,sec,blanc,1,5,11,13,,
Vallée de la Loire et Centre,Vallée de la Loire et Centre,Vins de pays/IGP Urfé,IGP,Vins de pays/IGP Urfé,sec,pink,1,2,9,10,,
Vallée de la Loire et Centre,Vallée de la Loire et Centre,Vins de pays/IGP Val de Loire,IGP,Vins de pays/IGP Val de Loire,sec,rouge,2,6,15,17,,
Vallée de la Loire et Centre,Vallée de la Loire et Centre,Vins de pays/IGP Val de Loire,IGP,Vins de pays/IGP Val de Loire,sec,blanc,1,5,9,12,,
Vallée de la Loire et Centre,Vallée de la Loire et Centre,Vins de pays/IGP Val de Loire,IGP,Vins de pays/IGP Val de Loire,sec,pink,1,3,9,11,,
Vallée de la Loire et Centre,Vouvray,Vouvray,AOC,Vouvray,sec,blanc,4,17,10,12,,
Vallée de la Loire et Centre,Vouvray,Vouvray,AOC,Vouvray,moelleux,blanc,5,45,10,12,,
Vallée de la Loire et Centre,Vouvray,Vouvray,AOC,Vouvray,effervescent,blanc,1,3,8,10,,
Vallée du Rhône,Beaumes-de-venise,Beaumes-de-venise,AOC,Beaumes-de-venise,sec,rouge,3,10,16,16,,
Vallée du Rhône,Cairanne,Cairanne,AOC,Cairanne,sec,rouge,3,10,15,17,,
Vallée du Rhône,Cairanne,Cairanne,AOC,Cairanne,sec,blanc,2,8,12,13,,
Vallée du Rhône,Cairanne,Cairanne,AOC,Cairanne,sec,pink,1,4,10,11,,
Vallée du Rhône,Château-grillet,Château-grillet,AOC,Château-grillet,sec,blanc,3,15,10,12,,
Vallée du Rhône,Châteauneuf-du-pape,Châteauneuf-du-pape,AOC,Châteauneuf-du-pape,sec,rouge,5,25,15,17,,
Vallée du Rhône,Châteauneuf-du-pape,Châteauneuf-du-pape,AOC,Châteauneuf-du-pape,sec,blanc,3,15,12,14,,
Vallée du Rhône,Châtillon-en-diois,Châtillon-en-diois,AOC,Châtillon-en-diois,sec,rouge,3,8,15,17,,
Vallée du Rhône,Châtillon-en-diois,Châtillon-en-diois,AOC,Châtillon-en-diois,sec,blanc,1,4,12,14,,
Vallée du Rhône,Châtillon-en-diois,Châtillon-en-diois,AOC,Châtillon-en-diois,sec,pink,1,3,9,11,,
Vallée du Rhône,Clairette-de-bellegarde,Clairette-de-bellegarde,AOC,Clairette-de-bellegarde,sec,blanc,1,2,10,11,,
Vallée du Rhône,Clairette-de-die,Clairette-de-die,AOC,Clairette-de-die,effervescent,blanc,1,2,7,9,,
Vallée du Rhône,Condrieu,Condrieu,AOC,Condrieu,sec,blanc,3,12,12,13,,
Vallée du Rhône,Condrieu,Condrieu,AOC,Condrieu,doux,blanc,5,50,11,13,,
Vallée du Rhône,Cornas,Cornas,AOC,Cornas,sec,rouge,5,20,16,16,,
Vallée du Rhône,Costières-de-nîmes,Costières-de-nîmes,AOC,Costières-de-nîmes,sec,rouge,2,6,16,16,,
Vallée du Rhône,Costières-de-nîmes,Costières-de-nîmes,AOC,Costières-de-nîmes,sec,blanc,1,4,8,10,,
Vallée du Rhône,Costières-de-nîmes,Costières-de-nîmes,AOC,Costières-de-nîmes,sec,pink,1,2,10,12,,
Vallée du Rhône,Côte-rôtie,Côte-rôtie,AOC,Côte-rôtie,sec,rouge,5,20,15,17,,
Vallée du Rhône,Coteaux-de-die,Coteaux-de-die,AOC,Coteaux-de-die,sec,blanc,1,4,10,12,,
Vallée du Rhône,Côtes-du-rhône,Côtes-du-rhône,AOC,Côtes-du-rhône,sec,rouge,2,8,15,17,,
Vallée du Rhône,Côtes-du-rhône,Côtes-du-rhône,AOC,Côtes-du-rhône,sec,blanc,1,5,10,12,,
Vallée du Rhône,Côtes-du-rhône,Côtes-du-rhône,AOC,Côtes-du-rhône,sec,pink,1,2,11,13,,
Vallée du Rhône,Côtes-du-rhône-villages,Côtes-du-rhône-villages,AOC,Côtes-du-rhône-villages,sec,rouge,1,10,16,,,
Vallée du Rhône,Côtes-du-rhône-villages,Côtes-du-rhône-villages,AOC,Côtes-du-rhône-villages,sec,blanc,1,6,11,,,
Vallée du Rhône,Côtes-du-rhône-villages,Côtes-du-rhône-villages,AOC,Côtes-du-rhône-villages,sec,pink,1,4,10,,,
Vallée du Rhône,Côtes-du-vivarais,Côtes-du-vivarais,AOC,Côtes-du-vivarais,sec,rouge,3,8,16,16,,
Vallée du Rhône,Côtes-du-vivarais,Côtes-du-vivarais,AOC,Côtes-du-vivarais,sec,blanc,2,5,11,13,,
Vallée du Rhône,Côtes-du-vivarais,Côtes-du-vivarais,AOC,Côtes-du-vivarais,sec,pink,1,4,10,11,,
Vallée du Rhône,Crémant-de-die,Crémant-de-die,AOC,Crémant-de-die,effervescent,blanc,1,3,7,9,,
Vallée du Rhône,Crozes-hermitage,Crozes-hermitage,AOC,Crozes-hermitage,sec,rouge,2,10,15,17,,
Vallée du Rhône,Crozes-hermitage,Crozes-hermitage,AOC,Crozes-hermitage,sec,blanc,1,6,10,12,,
Vallée du Rhône,Gigondas,Gigondas,AOC,Gigondas,sec,rouge,5,20,16,17,,
Vallée du Rhône,Gigondas,Gigondas,AOC,Gigondas,sec,pink,1,5,11,13,,
Vallée du Rhône,Grignan-les-adhémar,Grignan-les-adhémar,AOC,Grignan-les-adhémar,sec,rouge,2,6,15,17,,
Vallée du Rhône,Grignan-les-adhémar,Grignan-les-adhémar,AOC,Grignan-les-adhémar,sec,blanc,2,4,10,12,,
Vallée du Rhône,Grignan-les-adhémar,Grignan-les-adhémar,AOC,Grignan-les-adhémar,sec,pink,1,2,8,10,,
Vallée du Rhône,Hermitage,Hermitage,AOC,Hermitage,sec,rouge,7,40,16,16,,
Vallée du Rhône,Hermitage,Hermitage,AOC,Hermitage,sec,blanc,5,20,11,13,,
Vallée du Rhône,Hermitage,Hermitage,AOC,Hermitage,doux,blanc,5,50,10,13,,
Vallée du Rhône,Lirac,Lirac,AOC,Lirac,sec,rouge,3,10,15,17,,
Vallée du Rhône,Lirac,Lirac,AOC,Lirac,sec,pink,2,4,10,12,,
Vallée du Rhône,Lirac,Lirac,AOC,Lirac,sec,blanc,1,5,10,11,,
Vallée du Rhône,Luberon,Luberon,AOC,Luberon,sec,rouge,2,8,15,17,,
Vallée du Rhône,Luberon,Luberon,AOC,Luberon,sec,pink,1,3,10,12,,
Vallée du Rhône,Luberon,Luberon,AOC,Luberon,sec,blanc,2,5,10,11,,
Vallée du Rhône,Muscat-de-beaumes-de-venise,Muscat-de-beaumes-de-venise,AOC,Muscat-de-beaumes-de-venise,doux,rouge,3,15,8,10,,
Vallée du Rhône,Muscat-de-beaumes-de-venise,Muscat-de-beaumes-de-venise,AOC,Muscat-de-beaumes-de-venise,doux,blanc,2,15,6,8,,
Vallée du Rhône,Muscat-de-beaumes-de-venise,Muscat-de-beaumes-de-venise,AOC,Muscat-de-beaumes-de-venise,doux,pink,2,10,8,10,,
Vallée du Rhône,Pierrevert,Pierrevert,AOC,Pierrevert,,,,,,,,
Vallée du Rhône,Rasteau,Rasteau,AOC,Rasteau,doux,rouge,5,25,14,16,,
Vallée du Rhône,Rasteau,Rasteau,AOC,Rasteau,doux,blanc,5,20,10,12,,
Vallée du Rhône,Rasteau,Rasteau,AOC,Rasteau rancio,doux,blanc,5,50,12,14,,
Vallée du Rhône,Rasteau sec,Rasteau sec,AOC,Rasteau sec,sec,rouge,5,15,14,16,,
Vallée du Rhône,Saint-joseph,Saint-joseph,AOC,Saint-joseph,sec,blanc,2,10,11,13,,
Vallée du Rhône,Saint-joseph,Saint-joseph,AOC,Saint-joseph,sec,rouge,3,20,15,17,,
Vallée du Rhône,Saint-péray,Saint-péray,AOC,Saint-péray,sec,blanc,3,10,10,11,,
Vallée du Rhône,Saint-péray,Saint-péray,AOC,Saint-péray,effervescent,blanc,1,3,7,9,,
Vallée du Rhône,Tavel,Tavel,AOC,Tavel,sec,pink,1,5,10,12,,
Vallée du Rhône,Vacqueyras,Vacqueyras,AOC,Vacqueyras,sec,rouge,3,15,15,17,,
Vallée du Rhône,Vacqueyras,Vacqueyras,AOC,Vacqueyras,sec,blanc,2,6,10,12,,
Vallée du Rhône,Vacqueyras,Vacqueyras,AOC,Vacqueyras,sec,pink,1,4,12,14,,
Vallée du Rhône,Vallée du Rhône,Vins de pays/IGP Ardèche,IGP,Vins de pays/IGP Ardèche,sec,rouge,2,4,16,16,,
Vallée du Rhône,Vallée du Rhône,Vins de pays/IGP Ardèche,IGP,Vins de pays/IGP Ardèche,sec,blanc,1,4,8,10,,
Vallée du Rhône,Vallée du Rhône,Vins de pays/IGP Ardèche,IGP,Vins de pays/IGP Ardèche,sec,pink,1,2,8,10,,
Vallée du Rhône,Vallée du Rhône,Vins de pays/IGP Collines rhodaniennes,IGP,Vins de pays/IGP Collines rhodaniennes,sec,rouge,2,8,16,16,,
Vallée du Rhône,Vallée du Rhône,Vins de pays/IGP Collines rhodaniennes,IGP,Vins de pays/IGP Collines rhodaniennes,sec,blanc,1,5,10,12,,
Vallée du Rhône,Vallée du Rhône,Vins de pays/IGP Collines rhodaniennes,IGP,Vins de pays/IGP Collines rhodaniennes,sec,pink,1,2,8,10,,
Vallée du Rhône,Vallée du Rhône,Vins de pays/IGP Comté de Grignan,IGP,Vins de pays/IGP Comté de Grignan,sec,rouge,2,6,16,16,,
Vallée du Rhône,Vallée du Rhône,Vins de pays/IGP Comté de Grignan,IGP,Vins de pays/IGP Comté de Grignan,sec,blanc,1,5,10,12,,
Vallée du Rhône,Vallée du Rhône,Vins de pays/IGP Comté de Grignan,IGP,Vins de pays/IGP Comté de Grignan,sec,pink,1,2,8,10,,
Vallée du Rhône,Vallée du Rhône,Vins de pays/IGP Coteaux des Baronnies,IGP,Vins de pays/IGP Coteaux des Baronnies,sec,rouge,2,5,14,16,,
Vallée du Rhône,Vallée du Rhône,Vins de pays/IGP Coteaux des Baronnies,IGP,Vins de pays/IGP Coteaux des Baronnies,sec,blanc,1,2,11,13,,
Vallée du Rhône,Vallée du Rhône,Vins de pays/IGP Coteaux des Baronnies,IGP,Vins de pays/IGP Coteaux des Baronnies,sec,pink,1,2,8,10,,
Vallée du Rhône,Vallée du Rhône,Vins de pays/IGP Drôme,IGP,Vins de pays/IGP Drôme,sec,rouge,1,5,16,16,,
Vallée du Rhône,Vallée du Rhône,Vins de pays/IGP Drôme,IGP,Vins de pays/IGP Drôme,sec,blanc,1,2,8,10,,
Vallée du Rhône,Vallée du Rhône,Vins de pays/IGP Drôme,IGP,Vins de pays/IGP Drôme,sec,pink,1,4,12,14,,
Vallée du Rhône,Vallée du Rhône,Vins de pays/IGP Vaucluse,IGP,Vins de pays/IGP Vaucluse,sec,rouge,2,6,16,16,,
Vallée du Rhône,Vallée du Rhône,Vins de pays/IGP Vaucluse,IGP,Vins de pays/IGP Vaucluse,sec,blanc,1,4,10,12,,
Vallée du Rhône,Vallée du Rhône,Vins de pays/IGP Vaucluse,IGP,Vins de pays/IGP Vaucluse,sec,pink,1,3,10,12,,
Vallée du Rhône,Ventoux,Ventoux,AOC,Ventoux,sec,rouge,2,5,14,16,,
Vallée du Rhône,Ventoux,Ventoux,AOC,Ventoux,sec,blanc,1,4,10,12,,
Vallée du Rhône,Ventoux,Ventoux,AOC,Ventoux,sec,pink,1,2,10,11,,
Vallée du Rhône,Vinsobres,Vinsobres,AOC,Vinsobres,sec,rouge,3,8,16,16,,
Vins de Pays,,Rancio sec,IGP,Rancio sec,sec,blanc,1,20,13,15,,
Vins de Pays,,Vins de pays/IGP Argens,IGP,Vins de pays/IGP Argens,,,,,,,,
Vins de Pays,,Vins de pays/IGP Balmes dauphinoises,IGP,Vins de pays/IGP Balmes dauphinoises,,,,,,,,
Vins de Pays,,Vins de pays/IGP Bénovie,IGP,Vins de pays/IGP Bénovie,,,,,,,,
Vins de Pays,,Vins de pays/IGP Bessan,IGP,Vins de pays/IGP Bessan,,,,,,,,
Vins de Pays,,Vins de pays/IGP Cassan,IGP,Vins de pays/IGP Cassan,,,,,,,,
Vins de Pays,,Vins de pays/IGP Catalan,IGP,Vins de pays/IGP Catalan,,,,,,,,
Vins de Pays,,Vins de pays/IGP Caux,IGP,Vins de pays/IGP Caux,,,,,,,,
Vins de Pays,,Vins de pays/IGP Cessenon,IGP,Vins de pays/IGP Cessenon,,,,,,,,
Vins de Pays,,Vins de pays/IGP Collines de la Moure,IGP,Vins de pays/IGP Collines de la Moure,,,,,,,,
Vins de Pays,,Vins de pays/IGP Coteaux de Bessilles,IGP,Vins de pays/IGP Coteaux de Bessilles,,,,,,,,
Vins de Pays,,Vins de pays/IGP Coteaux de l'Ardèche,IGP,Vins de pays/IGP Coteaux de l'Ardèche,,,,,,,,
Vins de Pays,,Vins de pays/IGP Coteaux de Laurens,IGP,Vins de pays/IGP Coteaux de Laurens,,,,,,,,
Vins de Pays,,Vins de pays/IGP Coteaux de Montélimar,IGP,Vins de pays/IGP Coteaux de Montélimar,,,,,,,,
Vins de Pays,,Vins de pays/IGP Coteaux de Murviel,IGP,Vins de pays/IGP Coteaux de Murviel,,,,,,,,
Vins de Pays,,Vins de pays/IGP Coteaux des Fenouillèdes,IGP,Vins de pays/IGP Coteaux des Fenouillèdes,,,,,,,,
Vins de Pays,,Vins de pays/IGP Coteaux du Grésivaudan,IGP,Vins de pays/IGP Coteaux du Grésivaudan,,,,,,,,
Vins de Pays,,Vins de pays/IGP Coteaux du littoral audois,IGP,Vins de pays/IGP Coteaux du littoral audois,,,,,,,,
Vins de Pays,,Vins de pays/IGP Coteaux du Salagou,IGP,Vins de pays/IGP Coteaux du Salagou,,,,,,,,
Vins de Pays,,Vins de pays/IGP Coteaux du Salavès,IGP,Vins de pays/IGP Coteaux du Salavès,,,,,,,,
Vins de Pays,,Vins de pays/IGP Coteaux et terrasses de Montauban,IGP,Vins de pays/IGP Coteaux et terrasses de Montauban,,,,,,,,
Vins de Pays,,Vins de pays/IGP Côtes de Pérignan,IGP,Vins de pays/IGP Côtes de Pérignan,,,,,,,,
Vins de Pays,,Vins de pays/IGP Côtes du Ceressou,IGP,Vins de pays/IGP Côtes du Ceressou,,,,,,,,
Vins de Pays,,Vins de pays/IGP Côtes du Condomois,IGP,Vins de pays/IGP Côtes du Condomois,,,,,,,,
Vins de Pays,,Vins de pays/IGP Deux Sèvres,IGP,Vins de pays/IGP Deux Sèvres,,,,,,,,
Vins de Pays,,Vins de pays/IGP Dordogne,IGP,Vins de pays/IGP Dordogne,,,,,,,,
Vins de Pays,,Vins de pays/IGP Grand-roussillon,IGP,Vins de pays/IGP Grand-roussillon,,,,,,,,
Vins de Pays,,Vins de pays/IGP Hauterive,IGP,Vins de pays/IGP Hauterive,,,,,,,,
Vins de Pays,,Vins de pays/IGP Hautes Vallées de l'Aude,IGP,Vins de pays/IGP Hautes Vallées de l'Aude,,,,,,,,
Vins de Pays,,Vins de pays/IGP Hauts de Badens,IGP,Vins de pays/IGP Hauts de Badens,,,,,,,,
Vins de Pays,,Vins de pays/IGP Lastours,IGP,Vins de pays/IGP Lastours,,,,,,,,
Vins de Pays,,Vins de pays/IGP Loire-Atlantique,IGP,Vins de pays/IGP Loire-Atlantique,,,,,,,,
Vins de Pays,,Vins de pays/IGP Lot-et-Garonne,IGP,Vins de pays/IGP Lot-et-Garonne,,,,,,,,
Vins de Pays,,Vins de pays/IGP Meuse,IGP,Vins de pays/IGP Meuse,,,,,,,,
Vins de Pays,,Vins de pays/IGP Mont Baudile,IGP,Vins de pays/IGP Mont Baudile,,,,,,,,
Vins de Pays,,Vins de pays/IGP Monts de la Grage,IGP,Vins de pays/IGP Monts de la Grage,,,,,,,,
Vins de Pays,,Vins de pays/IGP Nièvre,IGP,Vins de pays/IGP Nièvre,,,,,,,,
Vins de Pays,,Vins de pays/IGP Petite Crau,IGP,Vins de pays/IGP Petite Crau,,,,,,,,
Vins de Pays,,Vins de pays/IGP Principauté d'Orange,IGP,Vins de pays/IGP Principauté d'Orange,,,,,,,,
Vins de Pays,,Vins de pays/IGP Pyrénées-Atlantiques,IGP,Vins de pays/IGP Pyrénées-Atlantiques,,,,,,,,
Vins de Pays,,Vins de pays/IGP Pyrénées-Orientales,IGP,Vins de pays/IGP Pyrénées-Orientales,,,,,,,,
Vins de Pays,,Vins de pays/IGP Sables du Golfe du Lion,IGP,Vins de pays/IGP Sables du Golfe du Lion,,,,,,,,
Vins de Pays,,Vins de pays/IGP Saint-Sardos,IGP,Vins de pays/IGP Saint-Sardos,,,,,,,,
Vins de Pays,,Vins de pays/IGP Sainte-Baume,IGP,Vins de pays/IGP Sainte-Baume,,,,,,,,
Vins de Pays,,Vins de pays/IGP Tarn et Garonne,IGP,Vins de pays/IGP Tarn et Garonne,,,,,,,,
Vins de Pays,,Vins de pays/IGP Terroirs landais,IGP,Vins de pays/IGP Terroirs landais,,,,,,,,
Vins de Pays,,Vins de pays/IGP Val de Cesse,IGP,Vins de pays/IGP Val de Cesse,,,,,,,,
Vins de Pays,,Vins de pays/IGP Val de Montferrand,IGP,Vins de pays/IGP Val de Montferrand,,,,,,,,
Vins de Pays,,Vins de pays/IGP Vallée de l'Orb,IGP,Vins de pays/IGP Vallée de l'Orb,,,,,,,,
Vins de Pays,,Vins de pays/IGP Vendée,IGP,Vins de pays/IGP Vendée,,,,,,,,
Vins de Pays,,Vins de pays/IGP Vienne,IGP,Vins de pays/IGP Vienne,,,,,,,,
Vins de Pays,,Vins de pays/IGPCoteaux de Fontcaude,IGP,Vins de pays/IGPCoteaux de Fontcaude,,,,,,,,
Vins de Pays,,Vins de pays/IGPCoteaux de Miramont,IGP,Vins de pays/IGPCoteaux de Miramont,,,,,,,,
